Time,Height_1,WindSpeed_1,WindDirection_1,PotentialTemperature_1,MixingRatio_1,Height_2,WindSpeed_2,WindDirection_2,PotentialTemperature_2,MixingRatio_2,Height_3,WindSpeed_3,WindDirection_3,PotentialTemperature_3,MixingRatio_3,Height_4,WindSpeed_4,WindDirection_4,PotentialTemperature_4,MixingRatio_4,Height_5,WindSpeed_5,WindDirection_5,PotentialTemperature_5,MixingRatio_5,Height_6,WindSpeed_6,WindDirection_6,PotentialTemperature_6,MixingRatio_6,Height_7,WindSpeed_7,WindDirection_7,PotentialTemperature_7,MixingRatio_7,Height_8,WindSpeed_8,WindDirection_8,PotentialTemperature_8,MixingRatio_8,Height_9,WindSpeed_9,WindDirection_9,PotentialTemperature_9,MixingRatio_9,Height_10,WindSpeed_10,WindDirection_10,PotentialTemperature_10,MixingRatio_10,Height_11,WindSpeed_11,WindDirection_11,PotentialTemperature_11,MixingRatio_11,Height_12,WindSpeed_12,WindDirection_12,PotentialTemperature_12,MixingRatio_12,Height_13,WindSpeed_13,WindDirection_13,PotentialTemperature_13,MixingRatio_13,Height_14,WindSpeed_14,WindDirection_14,PotentialTemperature_14,MixingRatio_14
2015-08-23 00:10:00,12.11361,0.92892,121.15421,298.89749,0.01758,36.3532,1.25473,91.21054,298.63525,0.01751,60.62321,1.46585,73.75637,298.52017,0.01745,84.93346,1.461,62.17862,298.52606,0.0173,109.2911,1.23241,54.83806,298.62915,0.01715,133.70146,0.90618,50.72842,298.74863,0.01709,158.16676,0.57016,53.80706,298.83884,0.01711,182.68621,0.31741,71.04479,298.88007,0.01717,207.25874,0.17311,113.29308,298.89105,0.01722,231.88285,0.40488,213.06196,298.86841,0.01725,256.55703,1.03115,230.23263,298.82471,0.01734,281.28166,1.38866,229.56706,298.8067,0.01755,310.20111,1.53621,215.80801,298.86636,0.01781,410.282,1.36599,178.63644,299.19913,0.01787
2015-08-23 00:20:00,12.11142,0.72503,122.66599,298.8783,0.01758,36.34575,1.26446,100.05606,298.60367,0.01753,60.60994,1.52495,91.98053,298.47476,0.0175,84.91301,1.61321,80.69775,298.40594,0.01744,109.2612,1.43516,71.44424,298.45786,0.0173,133.66208,1.06439,63.34585,298.59671,0.01715,158.12006,0.67304,56.34872,298.74786,0.0171,182.63462,0.34451,61.58456,298.82349,0.01716,207.20214,0.18079,108.0696,298.79044,0.01726,231.81987,0.32121,191.13056,298.75336,0.01742,256.48998,0.82378,216.18659,298.77194,0.01759,281.21718,1.11953,208.38311,298.80609,0.01773,310.14751,1.35209,185.942,298.85611,0.01788,410.22085,1.31288,176.83804,299.14636,0.01787
2015-08-23 00:30:00,12.11249,0.64349,141.89528,298.90637,0.01761,36.34905,1.29003,125.77037,298.65402,0.01756,60.61528,1.54959,121.71803,298.5192,0.01753,84.91914,1.68331,113.08308,298.4213,0.01749,109.2645,1.65314,104.30041,298.36102,0.01746,133.65687,1.41457,96.73939,298.35129,0.01742,158.10169,1.01509,90.15713,298.40335,0.01735,182.60253,0.59786,84.134,298.51355,0.01724,207.15943,0.29127,87.82254,298.64825,0.01716,231.77051,0.1732,159.34679,298.70752,0.01723,256.43651,0.4583,212.33593,298.71124,0.01737,281.15902,0.68497,184.88094,298.73639,0.01748,310.07944,1.1344,161.76336,298.73422,0.01763,410.12351,1.17408,174.91625,299.06479,0.01783
2015-08-23 00:40:00,12.11349,0.57886,146.04381,298.8775,0.01763,36.35362,1.34193,144.51361,298.65289,0.01759,60.62501,1.58526,141.00091,298.53424,0.01756,84.93385,1.74679,133.64661,298.44388,0.0175,109.28236,1.88504,126.54649,298.37164,0.01745,133.67336,1.94537,120.33627,298.31851,0.01742,158.11029,1.86751,115.02871,298.29126,0.0174,182.59623,1.62898,111.18509,298.30515,0.01738,207.13437,1.24039,109.45501,298.35867,0.01734,231.72714,0.78952,107.51262,298.4501,0.01726,256.37643,0.33933,125.89584,298.56982,0.0172,281.08329,0.2551,173.13727,298.65802,0.01727,309.98388,0.74275,154.92939,298.67059,0.01745,409.99392,0.98025,184.87354,299.03754,0.01774
2015-08-23 00:50:00,12.11185,0.54838,125.32064,298.8317,0.01761,36.3497,1.27672,147.21368,298.62149,0.01759,60.62043,1.60334,142.3887,298.5123,0.01755,84.92886,1.82261,134.73957,298.40518,0.01748,109.27577,1.99078,129.09425,298.32193,0.01741,133.66361,2.09647,125.28374,298.27271,0.01737,158.09568,2.13605,121.97172,298.25253,0.01735,182.57457,2.09109,118.5367,298.25946,0.01733,207.10344,1.92483,115.98413,298.30273,0.01731,231.68475,1.58853,113.86667,298.3797,0.01726,256.32135,1.0012,108.42793,298.50266,0.01721,281.01745,0.4225,119.48837,298.60806,0.01736,309.91439,0.73702,149.36356,298.71088,0.01768,409.91414,0.96421,196.11356,299.07031,0.01764
2015-08-23 01:00:00,12.10867,0.61864,97.14023,298.76678,0.01755,36.34108,1.15301,134.48187,298.57944,0.01752,60.60693,1.60652,134.36469,298.45679,0.01748,84.90888,1.92967,128.64604,298.33322,0.0174,109.24761,2.10682,123.24407,298.25009,0.01733,133.62747,2.14736,119.90157,298.22488,0.0173,158.05319,2.10445,119.04321,298.23264,0.0173,182.52742,2.02764,119.72265,298.26605,0.01729,207.05264,1.89661,121.10337,298.33801,0.01724,231.63169,1.58871,121.37096,298.45129,0.01725,256.26948,1.07013,115.95191,298.58813,0.01744,280.9726,0.80634,127.53289,298.70206,0.0177,309.88416,0.96166,152.27128,298.82574,0.01778,409.89016,0.93427,200.56604,299.13904,0.01749
2015-08-23 01:10:00,12.10399,0.6464,96.11382,298.68341,0.01749,36.32747,1.22695,125.11856,298.49225,0.01745,60.58433,1.65814,128.74261,298.36353,0.01739,84.87641,1.94182,124.21866,298.24609,0.01731,109.20603,2.06594,118.39137,298.21094,0.01726,133.57943,2.03216,115.2602,298.21954,0.01724,158.00144,1.90411,116.78192,298.25034,0.01724,182.47439,1.76473,122.08621,298.30853,0.01724,207.00167,1.60848,127.28258,298.42725,0.01729,231.58963,1.29697,127.77536,298.59744,0.01747,256.24501,1.11601,129.47521,298.745,0.01763,280.96755,1.17107,142.70255,298.83463,0.01768,309.89297,1.06892,158.39449,298.92078,0.01767,409.90144,0.85176,201.2409,299.19604,0.01735
2015-08-23 01:20:00,12.0997,0.69183,127.74922,298.5795,0.01745,36.3134,1.45486,132.25096,298.37061,0.01739,60.55901,1.88359,131.34847,298.24014,0.01733,84.84077,2.0666,126.4742,298.16852,0.01726,109.16357,2.05658,119.05758,298.18076,0.01723,133.53404,1.93564,116.17256,298.22357,0.01721,157.95558,1.72482,120.41066,298.27423,0.01721,182.43064,1.52445,130.60592,298.35684,0.01725,206.96551,1.35571,137.05472,298.50772,0.01736,231.56742,1.20052,137.65482,298.68735,0.01749,256.23668,1.22906,141.86204,298.82153,0.01754,280.9674,1.1807,149.05967,298.90146,0.01758,309.8967,0.95577,160.8962,298.98236,0.01755,409.90386,0.72646,203.71773,299.25864,0.01719
2015-08-23 01:30:00,12.0933,0.99882,154.92826,298.39297,0.0174,36.29381,1.826,141.76669,298.17734,0.01735,60.5264,2.25555,137.97553,298.05777,0.01733,84.79825,2.26142,132.91934,298.05093,0.01727,109.11558,2.09304,125.94693,298.11441,0.01722,133.48379,1.92586,122.40069,298.20062,0.0172,157.90552,1.70555,126.0172,298.27921,0.0172,182.3826,1.45742,137.00037,298.36853,0.01724,206.92074,1.24902,146.01417,298.51138,0.01731,231.52529,1.15106,146.65177,298.69266,0.01739,256.19545,1.11967,147.71814,298.84155,0.01743,280.92666,0.97936,152.42991,298.93359,0.01748,309.85661,0.76498,164.70337,299.01675,0.01746,409.8628,0.6355,216.07612,299.28128,0.01711
2015-08-23 01:40:00,12.08388,1.39211,153.2569,298.17294,0.01737,36.26558,2.15449,141.22775,297.95813,0.01735,60.48025,2.53663,137.35048,297.84399,0.01735,84.73842,2.4948,132.80377,297.93234,0.01729,109.04762,2.21609,128.80922,298.06024,0.01721,133.41147,1.92617,126.08057,298.18201,0.01717,157.83144,1.64807,128.83584,298.28024,0.01717,182.30809,1.40177,136.55208,298.37759,0.0172,206.84481,1.18991,144.64835,298.51517,0.01723,231.44566,1.06528,145.96759,298.68814,0.01726,256.11145,0.97839,146.03953,298.84085,0.0173,280.83939,0.83978,149.78327,298.94321,0.01737,309.76703,0.61654,161.29181,299.03271,0.01738,409.76652,0.53421,227.1221,299.2728,0.01709
2015-08-23 01:50:00,12.0734,1.60027,141.70414,297.91913,0.01739,36.23748,2.26444,135.64081,297.82834,0.01739,60.43989,2.68998,134.36359,297.75061,0.01741,84.68973,2.75603,131.28623,297.82004,0.01744,108.99366,2.51068,127.46705,297.97647,0.01733,133.35368,2.12864,124.1834,298.12048,0.01721,157.77039,1.68632,124.75291,298.24222,0.01715,182.24413,1.37662,129.28826,298.35352,0.01714,206.77712,1.1997,133.67482,298.49011,0.01714,231.37205,1.04157,136.16437,298.65594,0.01713,256.03066,0.91122,138.70557,298.81357,0.01717,280.75266,0.78339,142.72554,298.93878,0.01726,309.67635,0.51303,150.84902,299.03827,0.01732,409.66693,0.45523,244.8281,299.28848,0.01702
2015-08-23 02:00:00,12.06886,1.60471,135.51125,297.88388,0.01738,36.22261,2.3655,133.9005,297.68997,0.01737,60.41362,2.81742,134.45851,297.60147,0.01738,84.65422,2.91065,136.31261,297.61969,0.01756,108.95292,2.71216,133.43683,297.80566,0.01758,133.3099,2.48612,127.41863,297.99838,0.01745,157.72316,2.05553,121.64836,298.16968,0.01726,182.1922,1.63173,118.42591,298.30734,0.01714,206.71915,1.3623,119.42248,298.44739,0.01708,231.30661,1.09671,124.64277,298.60782,0.01704,255.95686,0.89634,132.40096,298.7662,0.01706,280.67162,0.7636,139.39853,298.91034,0.01716,309.59023,0.41631,143.57541,299.03314,0.01725,409.57121,0.56487,272.6696,299.32721,0.01688
2015-08-23 02:10:00,12.06182,1.75186,135.25052,297.7309,0.01731,36.20471,2.40403,134.66426,297.63577,0.01731,60.38836,2.84514,134.68879,297.54935,0.01733,84.61868,3.09804,136.7669,297.522,0.01747,108.90712,2.78672,137.95693,297.66794,0.01768,133.25998,2.54278,135.2517,297.86389,0.0177,157.67287,2.32782,128.38029,298.09518,0.01749,182.14131,1.99249,118.62452,298.26831,0.01724,206.66504,1.67149,111.81133,298.40295,0.0171,231.24676,1.29478,112.81377,298.55249,0.01702,255.88954,0.94562,122.1132,298.70624,0.01699,280.59682,0.73495,133.19663,298.86102,0.01708,309.50955,0.30136,122.54987,299.01941,0.01717,409.47846,0.90275,293.2911,299.38306,0.01668
2015-08-23 02:20:00,12.05846,1.65744,139.39247,297.69461,0.01722,36.19445,2.2829,137.91696,297.59302,0.01721,60.37026,2.78712,137.24245,297.51505,0.01721,84.59175,3.37029,137.28105,297.46378,0.01732,108.87188,3.0819,137.46971,297.59869,0.0175,133.21907,2.64173,137.07004,297.77911,0.01763,157.63141,2.32458,133.31697,298.0126,0.01761,182.10268,2.02747,124.92386,298.22546,0.01739,206.62771,1.7813,113.3624,298.36044,0.01719,231.20733,1.51163,105.70518,298.48489,0.01707,255.84506,1.1083,106.54755,298.62503,0.01698,280.54504,0.73157,116.08427,298.77383,0.01699,309.45061,0.3092,86.21238,298.95715,0.01712,409.40369,1.30971,306.05053,299.3945,0.01651
2015-08-23 02:30:00,12.05431,1.67292,142.46091,297.59958,0.0171,36.18197,2.33091,140.04584,297.50751,0.01708,60.3496,2.8166,138.37975,297.4603,0.01707,84.5612,3.3879,136.75056,297.4436,0.01707,108.82768,3.22914,139.01261,297.57523,0.01714,133.1595,2.84339,140.22431,297.73056,0.01726,157.55919,2.47693,138.02939,297.91806,0.01739,182.0246,2.08916,131.6239,298.13837,0.01741,206.54895,1.75827,118.90848,298.30884,0.01729,231.12748,1.58505,103.94817,298.42874,0.01714,255.76089,1.38277,94.31127,298.54922,0.01703,280.45294,0.99958,93.02345,298.68973,0.01696,309.34787,0.57817,72.98503,298.87308,0.01707,409.27563,1.51475,317.9562,299.34155,0.01647
2015-08-23 02:40:00,12.0478,1.79069,140.42554,297.50891,0.017,36.16235,2.48951,138.64968,297.40732,0.01698,60.318,2.85939,137.38246,297.36453,0.01698,84.51847,3.17708,136.25685,297.33606,0.01696,108.77305,3.27765,136.32765,297.57349,0.01689,133.09181,2.87477,138.25563,297.76358,0.01694,157.47718,2.54125,138.96855,297.92667,0.01707,181.93047,2.17688,136.70451,298.10513,0.01721,206.44891,1.73421,126.20922,298.27411,0.01725,231.02573,1.47628,105.54143,298.39932,0.01717,255.6571,1.44377,87.30177,298.50879,0.01705,280.34487,1.24981,78.9367,298.64874,0.01696,309.23216,0.78845,62.58889,298.84149,0.017,409.13437,1.6849,326.33324,299.25177,0.01649
2015-08-23 02:50:00,12.04326,1.70752,139.08083,297.4241,0.01699,36.14903,2.36098,137.35809,297.32919,0.01698,60.29598,2.73141,136.29109,297.27777,0.01698,84.4878,3.03561,135.38987,297.25998,0.01697,108.73363,3.3563,133.81297,297.48901,0.01682,133.04365,2.94681,133.79849,297.74979,0.01673,157.42008,2.56831,134.30305,297.9537,0.01676,181.86378,2.18602,135.20554,298.12497,0.01691,206.37456,1.7127,131.74661,298.27109,0.01707,230.94746,1.28867,111.35195,298.38202,0.01712,255.57666,1.2843,82.13048,298.47717,0.01705,280.26205,1.31176,68.44701,298.61557,0.01696,309.1455,0.96179,48.00186,298.81982,0.01695,409.02405,1.96394,328.06098,299.14166,0.01656
2015-08-23 03:00:00,12.04132,1.57801,138.80243,297.36444,0.01701,36.14272,2.27483,138.03076,297.2652,0.017,60.28458,2.6883,136.74558,297.2117,0.01699,84.47098,2.96695,135.3179,297.19598,0.01697,108.71043,3.352,133.32452,297.45929,0.01673,133.01319,3.02277,132.6016,297.74649,0.01659,157.38213,2.67193,132.27494,297.97992,0.01653,181.81777,2.24671,132.5228,298.16348,0.01661,206.32103,1.72509,131.62631,298.30032,0.01682,230.88916,1.15834,115.59614,298.39008,0.01701,255.51606,1.08772,76.22294,298.46481,0.01702,280.19982,1.26474,59.65931,298.59662,0.01695,309.08062,1.19183,35.47836,298.78647,0.01692,408.93956,2.1413,323.55806,299.04016,0.01663
2015-08-23 03:10:00,12.03976,1.52674,144.49057,297.32037,0.01702,36.13863,2.13794,140.22557,297.2308,0.017,60.27829,2.58181,138.43479,297.18161,0.01698,84.46222,2.88703,137.84206,297.1636,0.01696,108.69834,3.15208,136.1043,297.42743,0.01664,132.99697,2.90122,135.32336,297.73309,0.01645,157.36127,2.61417,134.78241,297.98499,0.01634,181.79075,2.21676,134.72309,298.17352,0.01636,206.28669,1.6909,133.16769,298.30325,0.01652,230.84889,1.03122,117.88981,298.38446,0.01679,255.47263,0.8813,67.58987,298.4375,0.01696,280.1542,1.09625,49.46446,298.51447,0.01698,309.03074,1.36163,31.63615,298.68921,0.01692,408.87185,2.25244,311.52764,298.95593,0.01667
2015-08-23 03:20:00,12.0385,1.37603,148.72384,297.29254,0.01702,36.13517,1.94319,143.13525,297.20441,0.017,60.2729,2.36767,140.10855,297.1575,0.01697,84.45432,2.76994,139.65705,297.14011,0.01693,108.6853,2.84696,140.42448,297.36505,0.01656,132.97636,2.67876,139.49899,297.66348,0.01633,157.33266,2.50454,137.61933,297.93115,0.0162,181.75328,2.17179,136.95551,298.14236,0.01617,206.23848,1.68734,136.53793,298.27597,0.01628,230.78867,1.04803,129.14142,298.35269,0.01647,255.40233,0.59489,81.57066,298.41031,0.0167,280.07587,0.73741,36.92196,298.44019,0.01688,308.94074,1.19545,35.56125,298.47574,0.01699,408.75175,2.33002,301.29153,298.82587,0.01671
2015-08-23 03:30:00,12.0382,1.18563,149.27968,297.27335,0.01702,36.13383,1.84139,144.85524,297.17938,0.01701,60.27025,2.25796,141.07981,297.13019,0.01699,84.45058,2.65506,139.66121,297.10718,0.01696,108.67797,2.65453,144.07221,297.31079,0.01652,132.96142,2.41357,145.23788,297.60132,0.01623,157.30869,2.29196,141.54423,297.87112,0.01608,181.72079,2.04611,139.20742,298.1004,0.01603,206.1978,1.56687,139.04342,298.26053,0.01613,230.73827,0.99111,138.41292,298.33255,0.01632,255.34072,0.42173,121.33734,298.37512,0.01652,280.00437,0.34154,342.14838,298.42529,0.0167,308.85561,0.75026,357.94031,298.33566,0.01695,408.62638,2.42955,295.7009,298.70871,0.01671
2015-08-23 03:40:00,12.03797,1.19654,143.29275,297.25369,0.01705,36.13316,1.9329,141.423,297.16489,0.01704,60.26932,2.38782,138.94051,297.11978,0.01702,84.4498,2.7151,138.13488,297.09814,0.01701,108.67548,2.74023,143.29592,297.29565,0.01648,132.95356,2.28656,148.50633,297.58759,0.01612,157.29373,2.05718,145.56494,297.84686,0.01597,181.69852,1.84022,142.48336,298.07468,0.01591,206.16928,1.39258,141.05426,298.25873,0.016,230.70536,0.7856,141.61225,298.34308,0.01627,255.30385,0.2217,177.66892,298.35947,0.01654,279.96321,0.81601,286.57409,298.38654,0.01673,308.80636,1.5454,293.17445,298.27258,0.01694,408.54942,2.73579,289.84803,298.69052,0.01665
2015-08-23 03:50:00,12.03847,1.3856,142.42977,297.25195,0.01709,36.13496,2.18036,140.82803,297.16812,0.01707,60.27294,2.67241,138.40029,297.12955,0.01704,84.45562,2.93644,138.06401,297.11938,0.01701,108.68244,3.03469,141.6738,297.33426,0.01642,132.95928,2.3515,149.24697,297.6077,0.01604,157.29635,1.90748,150.22342,297.84164,0.0159,181.69722,1.64402,147.16234,298.05716,0.01587,206.16439,1.28764,143.65531,298.24957,0.01596,230.6994,0.60304,148.80738,298.34509,0.01628,255.29948,0.48616,270.04161,298.34024,0.01665,279.95952,1.55467,287.79443,298.32385,0.0168,308.80046,2.59138,285.47188,298.24207,0.01695,408.5407,2.97994,281.28973,298.73444,0.01658
2015-08-23 04:00:00,12.0391,1.61195,145.90408,297.23514,0.0171,36.13714,2.35839,141.97671,297.16885,0.01708,60.27718,2.82614,139.35647,297.14444,0.01706,84.46187,3.07501,138.62748,297.12045,0.017,108.69012,3.19921,140.75145,297.32971,0.01641,132.96741,2.36375,148.4194,297.59567,0.01602,157.30366,1.71044,153.94859,297.82471,0.01589,181.70328,1.37116,151.66261,298.04031,0.01587,206.16989,1.02292,145.04447,298.22754,0.016,230.70601,0.27229,201.42431,298.30798,0.01639,255.30742,1.10213,287.07255,298.29919,0.01664,279.96634,2.05274,287.74404,298.28159,0.01681,308.80506,3.05534,283.87182,298.21198,0.01694,408.54952,3.01052,274.96205,298.73904,0.01656
2015-08-23 04:10:00,12.03966,1.57915,148.09456,297.27213,0.01713,36.13804,2.34493,142.65355,297.13254,0.01711,60.27772,2.74499,139.46356,297.09714,0.01709,84.4613,3.13008,138.24938,297.07886,0.01703,108.68778,3.2748,139.76111,297.26114,0.0165,132.96282,2.39068,144.91014,297.53085,0.01606,157.29617,1.48475,152.88445,297.7757,0.01589,181.69312,1.02055,154.29924,297.99289,0.01588,206.15753,0.64404,141.81538,298.17706,0.016,230.69176,0.35516,290.40753,298.24844,0.0164,255.29013,1.52403,292.15041,298.2446,0.01662,279.94504,2.42339,288.4375,298.23102,0.01679,308.77949,3.2489,285.12407,298.16461,0.01693,408.51479,3.04746,274.19352,298.70343,0.01655
2015-08-23 04:20:00,12.04126,1.36629,154.92165,297.2818,0.01715,36.14087,2.26012,144.98389,297.13116,0.01713,60.27941,2.71034,141.30527,297.08276,0.0171,84.46211,3.10869,139.47828,297.06396,0.01708,108.68793,3.32332,141.2308,297.20102,0.01664,132.96072,2.48683,145.63564,297.43613,0.01618,157.28977,1.44441,154.92534,297.67267,0.01594,181.6811,0.80228,164.37315,297.88437,0.01588,206.13859,0.42998,158.43431,298.07358,0.01593,230.6646,0.50752,294.00319,298.17206,0.01621,255.25523,1.59586,293.18917,298.18439,0.01652,279.90396,2.48681,288.38999,298.17725,0.01675,308.73217,3.23068,284.85675,298.10544,0.01691,408.45095,3.02734,271.92786,298.66791,0.01652
2015-08-23 04:30:00,12.04185,1.31601,161.17809,297.27335,0.01717,36.14246,2.16966,148.00873,297.12268,0.01716,60.28137,2.65713,143.91477,297.06989,0.01713,84.46443,3.02607,141.46247,297.0502,0.01713,108.69134,3.31553,143.15142,297.15747,0.01677,132.96395,2.57262,150.26693,297.35236,0.01634,157.28929,1.5958,161.63621,297.55728,0.01606,181.67378,0.82992,178.552,297.76584,0.01595,206.12214,0.45397,194.659,297.96204,0.01595,230.63645,0.61389,269.2077,298.08398,0.01611,255.21538,1.45999,286.10859,298.12198,0.01638,279.85631,2.35826,285.31248,298.14536,0.01667,308.67926,3.07808,282.42408,298.07004,0.0169,408.38311,2.95815,267.98928,298.62549,0.01651
2015-08-23 04:40:00,12.04206,1.33975,162.79782,297.24799,0.01719,36.14338,2.1489,149.42647,297.10803,0.01718,60.28334,2.63228,144.88373,297.06033,0.01716,84.4678,2.99612,141.82884,297.04196,0.01716,108.6968,3.37703,142.7635,297.06644,0.01701,132.97114,2.71767,150.85228,297.25861,0.01657,157.29558,1.8361,162.17581,297.45206,0.01623,181.67598,1.00266,182.31963,297.63922,0.01607,206.11871,0.53293,213.4151,297.8548,0.01603,230.62672,0.80391,265.20477,297.99902,0.01617,255.19905,1.51835,278.86945,298.05667,0.01641,279.83454,2.2685,280.00707,298.1171,0.01663,308.65387,3.0139,278.88902,298.05127,0.01689,408.34692,2.94354,265.81935,298.58752,0.01651
2015-08-23 04:50:00,12.04125,1.52356,163.83705,297.19855,0.01718,36.14115,2.24552,151.27996,297.06793,0.01716,60.28034,2.66173,146.41061,297.03101,0.01714,84.46462,2.94846,144.26098,297.02206,0.01713,108.69438,3.11064,142.88978,297.01694,0.01707,132.97021,2.82662,148.2622,297.15842,0.01676,157.29574,2.12362,157.05572,297.34357,0.01647,181.67447,1.35813,174.23928,297.50372,0.01626,206.1126,0.72616,203.81872,297.71338,0.01615,230.61632,0.83076,266.13795,297.9021,0.01625,255.18618,1.57049,279.04968,297.99188,0.0165,279.82012,2.29124,278.41162,298.07101,0.01668,308.63915,3.06121,277.16379,298.06781,0.01688,408.33129,2.99649,265.96867,298.59775,0.01648
2015-08-23 05:00:00,12.03931,1.62201,166.7139,297.15152,0.01716,36.13556,2.28107,155.27132,297.02466,0.01714,60.27188,2.61168,151.053,296.99533,0.01713,84.45394,2.83309,149.1848,296.99167,0.01712,108.68207,2.93963,147.95025,296.9866,0.0171,132.9573,2.83751,152.60881,297.10416,0.01686,157.28298,2.3129,159.00265,297.25687,0.01661,181.66108,1.65867,170.62741,297.38638,0.01644,206.09551,1.0459,196.76246,297.53925,0.01632,230.59402,0.98706,255.57705,297.755,0.01635,255.16088,1.7312,277.22943,297.90607,0.01657,279.7939,2.55532,277.87904,298.0116,0.01674,308.61471,3.26235,276.00882,298.12708,0.01679,408.3142,3.10107,266.7871,298.64221,0.01639
2015-08-23 05:10:00,12.03811,1.56435,170.24236,297.12308,0.01714,36.1324,2.12486,159.31214,296.99789,0.01713,60.26742,2.38419,155.89079,296.96661,0.01714,84.4485,2.58699,153.17734,296.9588,0.01713,108.67633,2.62099,151.61783,296.94751,0.01714,132.95221,2.71595,153.67169,297.02567,0.017,157.27816,2.37424,161.06736,297.16022,0.01676,181.65501,1.84229,172.54795,297.29044,0.01654,206.08482,1.35338,199.38881,297.39377,0.01643,230.57471,1.30683,244.73578,297.55383,0.01645,255.13351,1.93668,273.15378,297.76575,0.01663,279.76214,2.80853,278.21335,297.94781,0.01674,308.58252,3.41118,275.80752,298.18655,0.01664,408.28078,3.24194,267.42621,298.62949,0.01631
2015-08-23 05:20:00,12.0372,1.45146,169.75193,297.09021,0.01712,36.1296,1.96254,159.10583,296.95676,0.01712,60.26288,2.19665,155.47744,296.92529,0.01713,84.44247,2.36012,153.07033,296.91513,0.01713,108.6688,2.35219,152.18862,296.90436,0.01713,132.9432,2.62421,152.8309,296.94861,0.01706,157.26759,2.37042,160.15376,297.0773,0.01685,181.64226,1.89385,171.62343,297.21115,0.01662,206.06885,1.44856,204.12119,297.33041,0.0165,230.55316,1.48057,243.2787,297.48462,0.01652,255.10541,1.9993,271.26401,297.7049,0.01667,279.72958,2.84315,278.53675,297.91919,0.01673,308.54812,3.39538,274.82697,298.19586,0.01655,408.23353,3.49825,266.83072,298.57983,0.01629
2015-08-23 05:30:00,12.03523,1.40745,165.09655,297.0495,0.01705,36.1237,1.86677,155.48682,296.91818,0.01706,60.25315,2.07107,153.16194,296.88898,0.01706,84.42894,2.18691,152.6668,296.88184,0.01706,108.65129,2.25327,151.27392,296.87323,0.01705,132.92136,2.53172,150.39462,296.89551,0.01701,157.24172,2.30191,159.89943,297.06177,0.01678,181.61384,1.77942,176.55842,297.21933,0.01659,206.04024,1.39325,214.98211,297.37927,0.01655,230.5273,1.60866,255.38477,297.5798,0.0166,255.08266,2.30698,276.01476,297.78229,0.01667,279.70706,3.07834,278.64245,297.9487,0.01663,308.52199,3.56312,273.541,298.13867,0.01651,408.19204,3.71869,266.5583,298.5163,0.01633
2015-08-23 05:40:00,12.03233,1.51181,155.8318,297.00479,0.01697,36.11523,1.9709,148.85178,296.87366,0.01698,60.23931,2.1382,148.47515,296.84204,0.01699,84.40963,2.26102,147.41635,296.83087,0.01698,108.62629,2.34922,144.26014,296.82489,0.01696,132.89149,2.60118,151.27923,296.96988,0.0168,157.21,2.00775,164.69312,297.19144,0.01662,181.58539,1.42416,200.34256,297.37198,0.01658,206.0221,1.64952,248.54718,297.58652,0.01659,230.52455,2.56759,270.59648,297.77161,0.01659,255.09276,3.60009,275.14812,297.90747,0.01658,279.72322,4.12382,274.44363,298.04614,0.01655,308.53875,4.14378,272.11683,298.19479,0.01648,408.2068,3.73518,266.66524,298.55267,0.0163
2015-08-23 05:50:00,12.02948,1.61703,149.57012,296.96423,0.0169,36.1069,2.17251,142.45153,296.82578,0.01694,60.2255,2.38436,142.42834,296.78821,0.01695,84.38993,2.52773,140.92851,296.78064,0.01693,108.60111,2.69297,143.10503,296.82565,0.01688,132.86485,2.33801,153.91563,297.08273,0.01666,157.18826,1.54023,177.55533,297.27081,0.01658,181.57369,1.45093,235.42817,297.47333,0.01657,206.02366,2.39753,266.17873,297.65659,0.01657,230.53745,3.48698,271.45686,297.79172,0.01656,255.11207,4.25521,271.5622,297.9422,0.01654,279.74649,4.43379,270.34059,298.07037,0.01651,308.56745,4.23038,268.87308,298.25525,0.01643,408.25301,3.74683,265.01091,298.62595,0.01623
2015-08-23 06:00:00,12.02775,1.65892,149.77502,296.94968,0.01686,36.10186,2.32944,140.54992,296.81033,0.01691,60.21717,2.60147,140.26992,296.78183,0.01691,84.37808,2.67797,139.13823,296.76425,0.01689,108.58747,2.96461,145.80206,296.8732,0.01677,132.8533,2.17477,157.22123,297.14389,0.01657,157.1803,1.42415,186.69409,297.30399,0.01654,181.56973,1.6944,247.19102,297.49719,0.01654,206.02309,2.7275,266.17087,297.67352,0.01653,230.53749,3.60275,268.85315,297.80038,0.01652,255.11247,4.11603,268.39491,297.97266,0.0165,279.74863,4.19471,266.81347,298.13101,0.01645,308.57337,4.04716,265.30713,298.34207,0.01635,408.27486,3.77344,262.29941,298.70285,0.01615
2015-08-23 06:10:00,12.02831,1.79766,151.93572,297.00491,0.01683,36.10258,2.50838,143.91683,296.81708,0.01686,60.21725,2.82029,143.40457,296.7861,0.01686,84.37727,2.89742,141.72087,296.7652,0.01685,108.58605,3.06345,147.86881,296.90427,0.0167,132.85278,2.21185,160.06636,297.16318,0.01651,157.18133,1.49109,187.98265,297.32932,0.0165,181.5714,1.66698,240.6915,297.48825,0.01651,206.02457,2.74521,260.82846,297.65826,0.0165,230.54042,3.48546,264.15739,297.88293,0.01647,255.11898,3.83783,263.44255,298.07684,0.01642,279.75978,3.92625,262.1343,298.23999,0.01636,308.59057,3.86328,260.86077,298.44336,0.01625,408.30828,3.85664,259.05027,298.77173,0.01607
2015-08-23 06:20:00,12.02961,1.93248,150.96934,297.00574,0.0168,36.10596,2.60767,144.93367,296.89771,0.01679,60.2218,2.91203,143.8603,296.85867,0.01679,84.38251,3.01984,142.43599,296.80298,0.0168,108.59232,3.05579,148.59336,296.96469,0.01662,132.85908,2.3374,157.54127,297.17267,0.01645,157.18806,1.50165,183.04607,297.36737,0.01645,181.57889,1.58683,233.01587,297.50497,0.01646,206.03145,2.44167,254.92066,297.70081,0.01645,230.54956,3.22904,259.87948,297.95526,0.01639,255.13358,3.60119,259.60479,298.16107,0.01633,279.78009,3.77318,258.95193,298.32242,0.01626,308.61642,3.90496,258.5107,298.49115,0.01618,408.34769,4.14413,258.86216,298.84134,0.01599
2015-08-23 06:30:00,12.03075,2.06524,149.67385,297.09949,0.01677,36.11065,2.59261,146.11177,296.97339,0.01676,60.23111,2.76714,144.78841,296.92636,0.01676,84.3952,2.90496,143.52576,296.86758,0.01675,108.60696,3.08194,147.84784,296.99881,0.01654,132.87411,2.45694,155.26011,297.19019,0.01638,157.20224,1.65372,173.42146,297.36057,0.01639,181.59238,1.5201,224.37008,297.51413,0.01641,206.0455,2.28732,250.68413,297.72437,0.01639,230.56476,2.96376,256.7542,297.95337,0.01634,255.14925,3.41516,257.79357,298.14133,0.01628,279.79548,3.78864,258.49409,298.28757,0.01623,308.62928,4.11561,259.01551,298.41415,0.01618,408.3686,4.52735,260.31961,298.88556,0.01597
2015-08-23 06:40:00,12.03435,2.1094,150.35718,297.22745,0.01671,36.12075,2.56363,148.53516,297.08493,0.0167,60.24668,2.73582,147.83797,297.02823,0.01669,84.41571,2.88128,147.96728,296.9888,0.01668,108.62974,2.98858,148.25841,297.03336,0.0165,132.89638,2.54429,154.46902,297.23895,0.01629,157.22273,1.85954,167.92581,297.37772,0.01631,181.61099,1.51265,213.41154,297.53421,0.01635,206.06338,2.16794,245.32128,297.74976,0.01633,230.58129,2.8282,253.82297,297.96008,0.01628,255.16261,3.33015,256.24196,298.13309,0.01623,279.8049,3.8101,257.764,298.27689,0.01619,308.63399,4.26024,258.89968,298.40961,0.01615,408.37724,4.74796,260.10735,298.9071,0.01596
2015-08-23 06:50:00,12.0398,2.11797,150.87602,297.423,0.01666,36.13646,2.52108,150.14827,297.27399,0.01665,60.27169,2.67945,149.87817,297.21884,0.01664,84.44838,2.8094,150.15599,297.06973,0.0166,108.66697,2.83174,150.91766,297.07947,0.01649,132.93511,2.61532,156.14705,297.25293,0.01624,157.26113,2.03794,165.88388,297.39886,0.01624,181.64822,1.60086,202.21914,297.53842,0.01628,206.09914,2.04102,237.18558,297.7384,0.01627,230.61501,2.72506,249.66737,297.94415,0.01623,255.1941,3.32221,254.08831,298.12692,0.01618,279.83432,3.79087,256.18241,298.26785,0.01614,308.6615,4.33739,258.0806,298.40274,0.01612,408.40589,4.84221,260.00116,298.90503,0.01595
2015-08-23 07:00:00,12.04541,2.04543,150.33394,297.55771,0.0166,36.15296,2.39294,150.10526,297.40729,0.01658,60.29808,2.53976,150.07071,297.34753,0.01656,84.48568,2.61,150.62665,297.31729,0.01654,108.7172,2.62308,151.95442,297.29968,0.01651,132.99326,2.67378,151.57242,297.28848,0.01647,157.32055,2.17238,160.6184,297.42053,0.01624,181.70686,1.68439,187.81369,297.55734,0.01623,206.15513,1.84858,224.00122,297.72137,0.01621,230.66672,2.48007,243.32028,297.901,0.01618,255.24128,3.12575,251.27443,298.07413,0.01614,279.87747,3.63093,254.79752,298.21994,0.01611,308.69988,4.22034,257.44086,298.31879,0.01611,408.43679,4.84154,260.44265,298.86584,0.01597
2015-08-23 07:10:00,12.04953,1.97127,148.51184,297.71805,0.01653,36.16642,2.24647,149.19729,297.58844,0.01652,60.323,2.34686,149.63271,297.54105,0.01651,84.52412,2.40298,149.6726,297.51654,0.0165,108.77083,2.3832,151.58157,297.50134,0.01649,133.064,2.44754,149.53335,297.49106,0.01648,157.4043,2.28502,152.52852,297.48795,0.01646,181.79501,1.79869,172.39466,297.56259,0.01631,206.24236,1.67123,206.17765,297.70932,0.0162,230.74968,2.0952,233.70711,297.85721,0.01615,255.31792,2.72262,247.36784,298.00089,0.01611,279.94737,3.3234,253.70374,298.15192,0.01609,308.75953,3.81355,256.46165,298.18661,0.0161,408.47413,4.6817,260.4741,298.7735,0.01603
2015-08-23 07:20:00,12.05587,1.84692,145.56632,297.89908,0.01653,36.18559,2.08038,146.68339,297.76285,0.01651,60.35511,2.16229,147.24968,297.71378,0.01651,84.5692,2.19808,147.60133,297.68869,0.0165,108.82908,2.19463,148.75334,297.67252,0.01649,133.13571,2.17976,149.80239,297.66168,0.01649,157.4898,2.24121,147.24919,297.65421,0.01647,181.89114,2.01458,152.94224,297.65314,0.01646,206.34238,1.53288,180.71425,297.7146,0.01631,230.84835,1.60196,220.1141,297.83813,0.01617,255.41227,2.17035,243.50697,297.97366,0.0161,280.03639,2.89455,254.082,298.12289,0.01608,308.84021,3.28856,256.96524,298.1362,0.01608,408.53299,4.45046,260.76349,298.72452,0.01607
2015-08-23 07:30:00,12.06341,1.78537,143.90214,298.07889,0.01657,36.20761,1.99694,144.83025,297.92957,0.01656,60.39093,2.06838,145.34177,297.87506,0.01655,84.61858,2.09877,145.72987,297.84656,0.01654,108.89171,2.10018,146.41225,297.82797,0.01654,133.21149,2.05627,148.52115,297.81516,0.01653,157.57873,2.04393,148.84277,297.80597,0.01652,181.99336,2.17258,143.11689,297.80127,0.0165,206.45515,1.78176,152.77981,297.80554,0.01643,230.96549,1.32636,190.42017,297.85483,0.01629,255.52927,1.64176,233.43935,297.97522,0.01615,280.15142,2.56675,254.0292,298.09695,0.0161,308.95194,2.84356,256.91068,298.14526,0.0161,408.63703,4.25003,261.62274,298.72815,0.01609
2015-08-23 07:40:00,12.07159,1.77397,142.56707,298.26047,0.01662,36.23148,1.96515,143.66996,298.09854,0.0166,60.42958,2.01876,144.50648,298.0386,0.01659,84.67162,2.04015,145.08788,298.00674,0.01658,108.95907,2.04294,145.64684,297.9856,0.01658,133.29287,2.02684,146.49,297.97049,0.01657,157.67383,1.93961,150.03466,297.95953,0.01656,182.10198,2.00377,145.28087,297.95154,0.01654,206.57751,2.11349,138.98955,297.94714,0.01652,231.0995,1.44964,159.98296,297.94958,0.0164,255.66979,1.22662,211.99971,297.99396,0.01626,280.2933,2.13781,249.90334,298.07385,0.01617,309.09732,2.41067,254.53876,298.24365,0.01614,408.79576,4.1121,263.34088,298.77426,0.0161
2015-08-23 07:50:00,12.07998,1.70897,141.78167,298.44742,0.01663,36.25643,1.88396,142.55566,298.27542,0.01661,60.47033,1.9333,143.12667,298.21121,0.0166,84.72758,1.95435,143.35293,298.17661,0.01659,109.02963,1.96071,143.51504,298.15332,0.01658,133.37779,1.9485,143.93069,298.13641,0.01657,157.77286,1.91573,145.04531,298.12338,0.01656,182.21464,1.84112,147.49973,298.11319,0.01655,206.70391,2.06527,137.54131,298.10382,0.01653,231.23927,1.3981,153.84972,298.09778,0.01651,255.8203,1.09074,197.33328,298.08923,0.01642,280.44992,1.7096,241.76518,298.12396,0.01631,309.26384,1.86392,251.57162,298.37598,0.01617,408.98569,3.96067,265.2279,298.82425,0.0161
2015-08-23 08:00:00,12.08704,1.57747,140.24532,298.6521,0.01661,36.27741,1.71129,141.2427,298.47351,0.0166,60.50517,1.7399,141.97426,298.40665,0.01659,84.77644,1.74431,142.49624,298.37018,0.01659,109.09266,1.73442,143.03432,298.34552,0.01658,133.45508,1.70993,143.86271,298.32751,0.01658,157.86454,1.67153,145.39196,298.31354,0.01657,182.32111,1.59974,148.69987,298.30258,0.01657,206.82544,1.6813,143.09441,298.29373,0.01656,231.37786,1.89731,134.25394,298.28723,0.01656,255.97575,1.16332,231.66278,298.24677,0.01642,280.61972,1.34398,231.12072,298.24954,0.01641,309.44474,1.53291,249.508,298.35678,0.01629,409.17505,3.7265,267.83433,298.80334,0.01611
2015-08-23 08:10:00,12.09572,1.45076,136.07624,298.88885,0.01658,36.30279,1.55805,137.26613,298.70032,0.01657,60.54655,1.57781,138.02299,298.62854,0.01656,84.83387,1.57669,138.60357,298.58859,0.01656,109.16632,1.56469,139.1321,298.56128,0.01655,133.54471,1.54308,139.83957,298.54089,0.01655,157.97012,1.51667,140.82507,298.52478,0.01654,182.44281,1.476,142.54216,298.51175,0.01654,206.96331,1.44096,143.70915,298.50095,0.01653,231.53178,1.45608,144.91158,298.49234,0.01653,256.14531,0.80084,218.2575,298.45151,0.01648,280.80451,0.95316,217.11107,298.44629,0.01646,309.64129,1.07502,241.91283,298.44867,0.01643,409.36317,3.24028,271.88974,298.72397,0.01616
2015-08-23 08:20:00,12.10495,1.28483,135.16017,299.15225,0.01654,36.33007,1.3632,136.62217,298.9502,0.01652,60.59114,1.36888,137.69825,298.87082,0.01652,84.89523,1.35479,138.8272,298.82574,0.01651,109.24404,1.32931,140.03922,298.79419,0.01651,133.63857,1.29529,141.49906,298.77029,0.01651,158.07991,1.25384,143.57898,298.75113,0.0165,182.56825,1.20706,146.44403,298.73511,0.0165,207.10413,1.14584,150.00461,298.72156,0.0165,231.68782,1.0712,155.45962,298.70987,0.01649,256.31925,0.82234,157.80414,298.69995,0.01649,280.99885,0.66281,163.23698,298.69141,0.01648,309.85807,0.53628,173.75626,298.68387,0.01647,409.57984,2.06219,276.63417,298.664,0.0163
2015-08-23 08:30:00,12.11438,0.86595,143.54945,299.37573,0.0165,36.35787,0.89859,146.61581,299.16208,0.01648,60.63653,0.88699,148.93762,299.07715,0.01648,84.95776,0.86497,151.12671,299.02863,0.01647,109.32349,0.8367,153.31183,298.99478,0.01647,133.73474,0.80509,155.46554,298.96915,0.01647,158.19269,0.77118,158.00025,298.94839,0.01647,182.69751,0.73579,161.10988,298.93103,0.01646,207.24982,0.69652,164.60315,298.9162,0.01646,231.84991,0.63801,168.40135,298.90323,0.01646,256.49814,0.5632,177.50327,298.89175,0.01646,281.19521,0.51514,187.42104,298.88156,0.01646,310.07478,0.45068,193.9339,298.871,0.01646,409.84864,0.51101,278.49691,298.83902,0.01645
2015-08-23 08:40:00,12.122,0.291,153.77312,299.56448,0.01647,36.3804,0.28218,161.02482,299.34091,0.01646,60.67355,0.26667,166.28423,299.25272,0.01645,85.00915,0.25091,172.04084,299.2023,0.01644,109.38927,0.23432,177.88185,299.16714,0.01644,133.81498,0.21793,183.25325,299.14044,0.01644,158.28749,0.20296,190.06053,299.11899,0.01643,182.80692,0.19046,198.30148,299.10104,0.01643,207.37383,0.18138,206.80163,299.08521,0.01643,231.98853,0.16227,219.9146,299.07114,0.01642,256.65156,0.16441,230.92553,299.05951,0.01642,281.36364,0.19384,239.31974,299.04898,0.01642,310.2609,0.19014,250.90098,299.0368,0.01641,410.10129,0.2813,268.98357,299.00113,0.0164
2015-08-23 08:50:00,12.12796,0.14,73.6793,299.70676,0.01644,36.39787,0.11434,66.87186,299.47354,0.01643,60.70198,0.09872,57.59793,299.38315,0.01642,85.04816,0.08812,29.08413,299.33194,0.01642,109.43862,0.08675,5.1866,299.29651,0.01642,133.87487,0.08757,356.77983,299.26978,0.01641,158.35786,0.08892,351.43712,299.24881,0.01641,182.88768,0.09153,345.43301,299.23123,0.01641,207.46512,0.09556,339.72029,299.21521,0.01641,232.09047,0.10191,337.56567,299.20129,0.01641,256.76404,0.11201,332.30918,299.19095,0.01641,281.48665,0.11525,322.82447,299.18134,0.01641,310.3965,0.10601,343.55137,299.16901,0.0164,410.28197,0.18329,271.03584,299.13501,0.0164
2015-08-23 09:00:00,12.1335,0.4249,38.9266,299.84778,0.01643,36.41441,0.39324,36.70228,299.60349,0.01642,60.72937,0.36441,35.94094,299.50998,0.01641,85.08626,0.33739,35.41353,299.45718,0.01641,109.48736,0.31375,35.00528,299.42065,0.01641,133.93422,0.29008,35.35409,299.39279,0.01641,158.42784,0.26381,35.63147,299.3718,0.01641,182.96819,0.23341,35.27209,299.35367,0.01641,207.55596,0.20273,35.0001,299.33603,0.01641,232.19187,0.17813,35.16079,299.32166,0.01641,256.87613,0.15616,33.80768,299.31143,0.01641,281.60933,0.13478,34.38418,299.30173,0.0164,310.53143,0.12605,57.05004,299.28873,0.0164,410.45906,0.08039,240.61658,299.25397,0.01641
2015-08-23 09:10:00,12.13791,0.94062,359.07724,299.93408,0.01642,36.42716,0.9299,356.81351,299.67828,0.01641,60.75002,0.8934,356.05987,299.58179,0.01641,85.11495,0.85339,355.30175,299.52734,0.01641,109.5241,0.81454,354.57878,299.48975,0.0164,133.97885,0.77454,353.7225,299.46152,0.0164,158.48032,0.73279,352.50588,299.43878,0.0164,183.02872,0.6916,350.95403,299.42026,0.0164,207.62474,0.6529,349.21629,299.40445,0.0164,232.26876,0.61674,347.24034,299.39011,0.0164,256.96123,0.58478,345.04046,299.37778,0.0164,281.70278,0.55024,342.40077,299.36783,0.0164,310.63467,0.52921,339.57468,299.35574,0.0164,410.59598,0.43183,325.4977,299.32828,0.01638
2015-08-23 09:20:00,12.14024,1.28897,348.91619,300.01028,0.01638,36.43367,1.28696,343.65939,299.74539,0.01637,60.75996,1.24684,340.27716,299.6474,0.01636,85.12779,1.21024,336.94802,299.59286,0.01635,109.5396,1.17784,333.81616,299.55594,0.01635,133.99694,1.14692,330.88082,299.52893,0.01634,158.50091,1.11449,328.17586,299.50812,0.01634,183.05171,1.08277,325.57551,299.49173,0.01633,207.64997,1.05109,323.13176,299.47873,0.01632,232.2963,1.02104,320.79572,299.46857,0.01632,256.9911,0.99073,318.56946,299.46097,0.01631,281.73491,0.95673,316.32274,299.45486,0.01629,310.66934,0.93113,313.70001,299.45792,0.01625,410.64278,0.93676,307.5141,299.54004,0.0161
2015-08-23 09:30:00,12.14522,0.62509,16.2176,300.23755,0.01624,36.44789,0.47706,327.80338,299.95911,0.01622,60.78238,0.52162,300.19164,299.85385,0.01621,85.158,0.58917,288.54844,299.79425,0.01619,109.57729,0.65065,281.90757,299.75357,0.01618,134.04174,0.70207,277.84551,299.72385,0.01617,158.55251,0.74371,275.44473,299.70132,0.01615,183.10993,0.77873,274.36334,299.6842,0.01613,207.71454,0.81211,274.35027,299.67151,0.01612,232.36691,0.85022,275.1985,299.66296,0.01609,257.06737,0.89558,276.86287,299.65802,0.01606,281.81635,0.96009,278.3516,299.6622,0.01601,310.75696,1.08884,279.93269,299.69513,0.01592,410.76873,1.44168,277.74459,299.74118,0.01589
2015-08-23 09:40:00,12.15031,0.57496,45.83101,300.41324,0.01608,36.4628,0.19104,45.74729,300.14105,0.01606,60.80692,0.1884,277.64026,300.04358,0.01605,85.19256,0.3039,262.87113,299.99036,0.01605,109.62206,0.42331,259.49986,299.95474,0.01604,134.09666,0.53619,259.62437,299.92868,0.01604,158.61772,0.64423,260.91571,299.90863,0.01603,183.18553,0.74944,262.61914,299.89276,0.01603,207.80071,0.85095,264.39391,299.87964,0.01602,232.46362,0.94602,265.98186,299.86816,0.01601,257.17493,1.03229,267.07582,299.85889,0.01601,281.93518,1.11219,267.77918,299.85199,0.016,310.88847,1.20984,269.54768,299.84308,0.01599,410.93037,1.49968,272.32627,299.83414,0.01595
2015-08-23 09:50:00,12.15744,1.28963,11.48768,300.64587,0.01615,36.48445,1.00805,353.77504,300.35971,0.01614,60.84352,0.89319,338.42824,300.25601,0.01613,85.24411,0.8584,323.02216,300.19879,0.01613,109.68874,0.87149,310.15544,300.16013,0.01613,134.17905,0.91196,300.27032,300.13141,0.01612,158.71599,0.96721,292.78111,300.10895,0.01612,183.29979,1.03189,287.57344,300.09109,0.01612,207.93125,1.10097,284.0637,300.07611,0.01611,232.61081,1.17082,281.36108,300.06256,0.01611,257.33882,1.23996,279.36021,300.05148,0.0161,282.11592,1.30696,277.95199,300.04297,0.0161,311.08941,1.37557,277.29119,300.03259,0.01609,411.19485,1.51011,279.64831,300.01578,0.01604
2015-08-23 10:00:00,12.16891,1.83493,346.71254,300.88089,0.01626,36.51802,1.72112,335.38569,300.57562,0.01624,60.89809,1.64049,328.84179,300.46332,0.01623,85.31931,1.5902,323.30763,300.40115,0.01622,109.78414,1.55561,318.76285,300.35889,0.01622,134.29433,1.5313,314.86139,300.32745,0.01621,158.85101,1.5105,311.37261,300.30289,0.01621,183.45433,1.49406,308.40634,300.28329,0.0162,208.10514,1.48136,306.01727,300.26682,0.0162,232.80388,1.4697,304.05873,300.25208,0.01619,257.5509,1.45767,302.32624,300.24008,0.01618,282.34686,1.44396,300.63095,300.23077,0.01618,311.34211,1.42661,298.61907,300.21988,0.01617,411.51981,1.4253,295.2059,300.19958,0.01611
2015-08-23 10:10:00,12.1791,1.75568,337.32098,301.12933,0.01633,36.54808,1.753,329.01318,300.81427,0.01631,60.94724,1.72066,324.88755,300.69635,0.0163,85.38718,1.69108,321.82904,300.63037,0.0163,109.87049,1.66262,319.39265,300.58563,0.01629,134.39896,1.63423,317.30251,300.55399,0.01628,158.97384,1.60336,315.3798,300.52756,0.01628,183.59525,1.57508,313.73136,300.50128,0.01627,208.26406,1.54915,312.32727,300.48376,0.01627,232.98075,1.52998,311.23103,300.47192,0.01626,257.74562,1.51558,310.35265,300.4592,0.01625,282.55936,1.50043,309.54928,300.44403,0.01625,311.57535,1.46715,308.25806,300.43173,0.01624,411.823,1.34355,301.20852,300.39706,0.01621
2015-08-23 10:20:00,12.19383,1.16376,302.65711,301.39993,0.01667,36.59115,1.32,301.66758,301.04092,0.01665,61.01704,1.39131,302.50712,300.90009,0.01664,85.48286,1.43669,303.65172,300.82291,0.01663,109.99154,1.46824,304.80232,300.771,0.01663,134.54507,1.49041,305.86059,300.7319,0.01662,159.14469,1.50536,306.87271,300.6987,0.01662,183.79054,1.51757,307.96286,300.67252,0.01662,208.48355,1.52724,309.19674,300.65378,0.01661,233.22427,1.5363,310.57792,300.63513,0.01661,258.01303,1.54309,312.01659,300.61456,0.0166,282.85045,1.54548,313.53809,300.59949,0.01659,311.89385,1.55147,315.48828,300.5864,0.01659,412.23494,1.52139,320.20336,300.53842,0.01656
2015-08-23 10:30:00,12.20383,2.19515,303.12839,301.44586,0.01673,36.61971,2.45234,306.4245,301.06384,0.01671,61.06213,2.52145,308.14442,300.91608,0.0167,85.54355,2.53871,309.40798,300.83524,0.01669,110.06744,2.53248,310.45107,300.77988,0.01669,134.63589,2.5126,311.36435,300.73846,0.01669,159.25022,2.48312,312.20021,300.70557,0.01668,183.9108,2.44597,312.98182,300.67841,0.01668,208.61853,2.40249,313.76307,300.65555,0.01668,233.3739,2.35552,314.62065,300.63577,0.01668,258.17723,2.30333,315.57783,300.61856,0.01667,283.02929,2.24407,316.57118,300.60342,0.01667,312.08991,2.16597,317.42958,300.58817,0.01667,412.48792,1.84162,325.74713,300.51422,0.01666
2015-08-23 10:40:00,12.20233,3.17567,315.88649,301.42752,0.01667,36.61427,3.44367,316.17322,301.02081,0.01665,61.05141,3.49687,316.3475,300.86536,0.01664,85.52711,3.49906,316.45556,300.7803,0.01663,110.04504,3.47994,316.56984,300.72189,0.01663,134.6073,3.4491,316.69405,300.67822,0.01663,159.21527,3.41004,316.8358,300.64346,0.01662,183.86935,3.36528,316.9922,300.61472,0.01662,208.5704,3.31677,317.17278,300.59024,0.01662,233.31892,3.26463,317.38011,300.56912,0.01661,258.11548,3.20871,317.64167,300.55048,0.01661,282.96073,3.14731,317.946,300.53394,0.01661,312.01326,3.08323,318.96211,300.51678,0.0166,412.38285,2.707,319.53038,300.46597,0.01659
2015-08-23 10:50:00,12.2016,3.05941,317.76538,301.44772,0.01665,36.61129,3.41095,317.68851,301.0192,0.01663,61.04499,3.52884,317.54157,300.85486,0.01662,85.51644,3.58227,317.3894,300.76553,0.01661,110.02962,3.61005,317.25052,300.70438,0.01661,134.58704,3.62389,317.12725,300.65863,0.0166,159.18999,3.62788,317.00709,300.62228,0.0166,183.83881,3.62447,316.90383,300.59232,0.01659,208.53447,3.61698,316.80937,300.56677,0.01659,233.27758,3.60799,316.71481,300.54465,0.01659,258.06846,3.59937,316.63652,300.5253,0.01658,282.90779,3.59042,316.59028,300.50818,0.01658,311.95344,3.55003,316.47287,300.49042,0.01657,412.30081,3.42748,315.48444,300.43777,0.01656
2015-08-23 11:00:00,12.20034,3.33746,327.3882,301.39285,0.01668,36.60666,3.74463,326.73345,300.94547,0.01665,61.03578,3.88144,326.1508,300.7757,0.01664,85.50233,3.94038,325.60457,300.68359,0.01663,110.01053,3.97095,325.08197,300.62076,0.01663,134.56263,3.98644,324.57376,300.57404,0.01662,159.16012,3.99146,324.06117,300.53683,0.01662,183.80348,3.98832,323.54711,300.5062,0.01661,208.49356,3.97897,323.0629,300.48026,0.01661,233.23091,3.96732,322.57015,300.45786,0.0166,258.01604,3.95556,322.06699,300.43823,0.0166,282.84968,3.94105,321.61554,300.42093,0.01659,311.88843,3.9266,321.05585,300.40298,0.01659,412.2119,3.81955,318.41585,300.34964,0.01657
2015-08-23 11:10:00,12.20075,3.76358,333.72276,301.4277,0.01674,36.60715,4.19217,333.09448,300.96939,0.01671,61.03546,4.33098,332.63481,300.79642,0.0167,85.50084,4.38462,332.22677,300.70303,0.01669,110.00751,4.40559,331.82528,300.63953,0.01668,134.558,4.40837,331.43495,300.59244,0.01667,159.15376,4.39928,331.04071,300.55515,0.01667,183.79508,4.38314,330.64989,300.52451,0.01666,208.48304,4.36233,330.2632,300.49872,0.01665,233.21826,4.33776,329.89288,300.47656,0.01665,258.00112,4.3096,329.50662,300.45715,0.01664,282.83225,4.27979,329.1597,300.44003,0.01663,311.86795,4.26435,328.62603,300.4223,0.01662,412.17954,4.06053,327.02154,300.3721,0.01659
2015-08-23 11:20:00,12.20413,3.86854,334.4618,301.5271,0.01671,36.61717,4.30217,333.82081,301.06357,0.01668,61.05179,4.44501,333.38596,300.88904,0.01667,85.52324,4.50855,333.04065,300.79504,0.01666,110.03588,4.53602,332.68298,300.7312,0.01665,134.59229,4.54287,332.311,300.68402,0.01664,159.19398,4.5352,331.96164,300.6467,0.01664,183.84134,4.51924,331.6165,300.61612,0.01663,208.53536,4.4989,331.27772,300.5903,0.01662,233.27646,4.47535,330.92435,300.56818,0.01662,258.06522,4.45112,330.5561,300.54892,0.01661,282.90245,4.41688,330.25798,300.53229,0.0166,311.94522,4.38517,329.9096,300.51474,0.01659,412.28043,4.2434,328.88508,300.46567,0.01656
2015-08-23 11:30:00,12.20817,3.79985,328.15512,301.60461,0.01673,36.62873,4.26473,328.25972,301.12967,0.01671,61.07039,4.42914,328.30743,300.94913,0.01669,85.54884,4.50655,328.34718,300.85199,0.01668,110.06844,4.54853,328.37238,300.78592,0.01667,134.63168,4.57061,328.3844,300.73703,0.01666,159.24004,4.57922,328.38656,300.69833,0.01665,183.89402,4.57788,328.3784,300.66663,0.01665,208.59461,4.56987,328.35945,300.63983,0.01664,233.34236,4.55489,328.33012,300.61679,0.01663,258.13774,4.53899,328.31219,300.59677,0.01662,282.9814,4.50261,328.17149,300.57922,0.01661,312.03172,4.51052,328.44582,300.56116,0.01661,412.39297,4.31899,327.51268,300.50806,0.01657
2015-08-23 11:40:00,12.21055,3.74725,325.99289,301.57928,0.01674,36.63526,4.25933,326.66677,301.0939,0.01671,61.08025,4.43273,326.82863,300.91196,0.01669,85.56172,4.5218,326.97157,300.81512,0.01667,110.08418,4.58121,327.12795,300.75006,0.01666,134.65017,4.62211,327.26776,300.70245,0.01665,159.26112,4.64675,327.35884,300.66534,0.01664,183.91748,4.65588,327.40153,300.63531,0.01662,208.62033,4.65134,327.40588,300.61047,0.01661,233.37034,4.63461,327.3873,300.58963,0.0166,258.16785,4.61587,327.32927,300.57211,0.01658,283.01345,4.57691,327.18334,300.5574,0.01656,312.06587,4.56161,327.39651,300.54337,0.01654,412.42932,4.3539,326.71742,300.50159,0.01642
2015-08-23 11:50:00,12.20901,4.0193,328.85428,301.60883,0.0166,36.63035,4.55309,329.27466,301.10645,0.01657,61.07132,4.74335,329.42506,300.9176,0.01656,85.54838,4.8199,329.42226,300.81635,0.01654,110.06623,4.85153,329.34665,300.74768,0.01653,134.62749,4.8591,329.22607,300.69705,0.01652,159.23368,4.84732,329.04394,300.65744,0.01651,183.88528,4.8186,328.79162,300.6254,0.0165,208.58326,4.7709,328.44369,300.59894,0.01648,233.32815,4.71247,328.07941,300.57703,0.01647,258.12046,4.64918,327.67608,300.55878,0.01645,282.96088,4.58075,327.24656,300.54416,0.01643,312.00697,4.50273,326.67234,300.52911,0.0164,412.34153,4.13647,324.58601,300.52133,0.0162
2015-08-23 12:00:00,12.20587,4.19743,332.3724,301.66827,0.01634,36.62079,4.65904,331.82686,301.16516,0.01632,61.05504,4.79671,331.41436,300.97418,0.01631,85.52525,4.85037,331.10644,300.87048,0.0163,110.03616,4.86794,330.81824,300.79944,0.01629,134.59028,4.8648,330.51374,300.74652,0.01628,159.18924,4.84817,330.20048,300.7045,0.01627,183.83363,4.82032,329.86616,300.67001,0.01626,208.5244,4.78089,329.48127,300.64096,0.01626,233.26188,4.72921,329.06264,300.61615,0.01625,258.04679,4.66425,328.54143,300.59473,0.01623,282.87998,4.58284,327.93792,300.57626,0.01622,311.91739,4.47069,326.81878,300.55673,0.0162,412.22433,3.85136,321.68753,300.50604,0.01612
2015-08-23 12:10:00,12.20546,4.00793,330.85519,301.64435,0.01634,36.61916,4.51838,331.00621,301.13065,0.01632,61.05174,4.68667,330.99984,300.93579,0.0163,85.52,4.75903,330.97064,300.83054,0.01629,110.02875,4.79276,330.9353,300.7587,0.01628,134.58062,4.80495,330.87031,300.70541,0.01628,159.17717,4.8008,330.77417,300.66327,0.01627,183.81897,4.78356,330.63882,300.62894,0.01626,208.50704,4.75155,330.44434,300.60025,0.01625,233.24181,4.70577,330.17886,300.57599,0.01624,258.02389,4.64506,329.85775,300.55536,0.01623,282.85411,4.56516,329.43584,300.53818,0.01621,311.88821,4.46315,328.88086,300.52029,0.01619,412.18616,3.97099,325.87194,300.48285,0.01607
2015-08-23 12:20:00,12.20391,4.24658,330.38763,301.5322,0.01647,36.61388,4.76016,330.51395,301.01529,0.01645,61.04225,4.92572,330.51754,300.82196,0.01643,85.5064,4.98867,330.45363,300.71848,0.01642,110.01087,5.00996,330.34856,300.64853,0.01641,134.55842,5.00788,330.206,300.59717,0.0164,159.15072,4.98859,330.0136,300.55713,0.01639,183.78808,4.95453,329.78945,300.52493,0.01638,208.4717,4.90834,329.52078,300.4986,0.01636,233.2024,4.85156,329.19929,300.47696,0.01635,257.98037,4.78137,328.83756,300.45929,0.01633,282.80613,4.69988,328.39945,300.44553,0.01631,311.83487,4.58311,327.81894,300.43024,0.01626,412.1106,3.84785,322.61583,300.46674,0.01596
2015-08-23 12:30:00,12.20603,4.27946,327.12789,301.58282,0.01675,36.6201,4.77685,326.74769,301.05188,0.01671,61.05215,4.93751,326.43631,300.84906,0.01669,85.51964,5.0016,326.16376,300.73901,0.01667,110.02738,5.02676,325.88914,300.66373,0.01665,134.57803,5.02927,325.59843,300.60776,0.01664,159.17319,5.01528,325.28244,300.56339,0.01662,183.81326,4.98773,324.94478,300.52713,0.0166,208.49937,4.94867,324.57475,300.49683,0.01658,233.23214,4.89964,324.18144,300.4711,0.01657,258.01191,4.84164,323.75021,300.4491,0.01655,282.83934,4.77626,323.249,300.43048,0.01653,311.8695,4.66985,322.57247,300.41251,0.01651,412.14314,4.06555,317.43012,300.33798,0.01641
2015-08-23 12:40:00,12.2069,4.34507,324.19162,301.5368,0.01656,36.62213,4.89819,323.91614,301.00305,0.01653,61.05453,5.08905,323.65203,300.80185,0.01651,85.52205,5.17243,323.3902,300.69403,0.0165,110.02965,5.21409,323.12675,300.62103,0.01648,134.58008,5.23213,322.85401,300.56738,0.01647,159.17503,5.2335,322.56565,300.52542,0.01646,183.81497,5.22234,322.25963,300.4917,0.01644,208.50097,5.20029,321.93735,300.4639,0.01642,233.23369,5.1698,321.61786,300.4411,0.01641,258.01357,5.13117,321.26107,300.4223,0.01638,282.84125,5.08452,320.85789,300.40753,0.01636,311.87223,5.00708,320.35164,300.39432,0.01632,412.14766,4.74354,319.09199,300.38,0.01609
2015-08-23 12:50:00,12.20574,4.25233,329.6779,301.66608,0.01638,36.61879,4.80205,329.12454,301.13391,0.01635,61.04914,4.99615,328.63595,300.9321,0.01633,85.51462,5.08561,328.19465,300.82343,0.01632,110.02018,5.13326,327.75985,300.74951,0.0163,134.56857,5.15672,327.31864,300.69492,0.01628,159.16143,5.16348,326.85338,300.65204,0.01627,183.79921,5.15772,326.35505,300.61737,0.01625,208.48301,5.14049,325.80527,300.58865,0.01623,233.21348,5.11326,325.20883,300.5647,0.01621,257.99101,5.07495,324.52153,300.54462,0.01619,282.81623,5.02546,323.70339,300.52829,0.01617,311.84402,4.93286,322.4083,300.51273,0.01613,412.10921,4.67067,317.79914,300.47955,0.01595
2015-08-23 13:00:00,12.20749,4.39364,332.07911,301.70145,0.0164,36.62406,4.94998,331.76363,301.16663,0.01636,61.05772,5.13767,331.45131,300.965,0.01633,85.52619,5.22261,331.17107,300.85699,0.01631,110.03461,5.26606,330.88382,300.78394,0.01628,134.58563,5.2843,330.56812,300.73044,0.01626,159.18086,5.28453,330.20248,300.68866,0.01624,183.82084,5.27193,329.78662,300.65518,0.01622,208.50664,5.24927,329.31105,300.62775,0.01619,233.2388,5.21759,328.77123,300.60519,0.01616,258.01784,5.17549,328.1504,300.58661,0.01613,282.84444,5.12245,327.40797,300.57175,0.0161,311.87353,5.05641,326.40424,300.55682,0.01605,412.14485,4.79102,322.7015,300.54123,0.01583
2015-08-23 13:10:00,12.20842,4.42856,329.99313,301.68298,0.01648,36.62655,4.97776,329.66425,301.15076,0.01644,61.06168,5.16414,329.36659,300.95218,0.01641,85.53186,5.24631,329.08198,300.84677,0.01639,110.04203,5.287,328.78473,300.776,0.01637,134.59494,5.30409,328.47143,300.72449,0.01635,159.19218,5.30454,328.11731,300.68463,0.01633,183.83423,5.29328,327.72635,300.65302,0.01631,208.5222,5.27215,327.29451,300.62741,0.01628,233.25671,5.24157,326.82888,300.60669,0.01626,258.03815,5.20117,326.31936,300.59015,0.01623,282.86714,5.15542,325.70562,300.57751,0.01619,311.89891,5.09112,324.85755,300.56552,0.01614,412.17563,4.67201,320.64037,300.57971,0.01581
2015-08-23 13:20:00,12.20783,4.39016,327.61767,301.69028,0.01642,36.62514,4.9419,327.36172,301.15967,0.01639,61.05978,5.12989,327.09111,300.96265,0.01637,85.52953,5.21379,326.82302,300.85834,0.01635,110.03939,5.256,326.53602,300.78854,0.01634,134.59213,5.27348,326.23756,300.73795,0.01633,159.18941,5.27448,325.90529,300.69888,0.01631,183.83169,5.26258,325.54185,300.66791,0.01629,208.52001,5.24089,325.12772,300.6431,0.01627,233.25486,5.20887,324.66441,300.62323,0.01625,258.03684,5.1689,324.16305,300.60779,0.01623,282.86666,5.12171,323.57077,300.59631,0.0162,311.89936,5.04515,322.5757,300.59079,0.01614,412.17603,4.48269,316.48995,300.72534,0.01557
2015-08-23 13:30:00,12.20786,4.46084,328.5934,301.67502,0.01673,36.62508,5.04112,328.22579,301.13745,0.01671,61.05965,5.24322,327.9023,300.93726,0.01669,85.52969,5.33694,327.61609,300.83179,0.01668,110.04019,5.38751,327.32221,300.76123,0.01667,134.59372,5.4126,327.02536,300.71008,0.01666,159.19203,5.42091,326.70065,300.67078,0.01665,183.83568,5.4158,326.35018,300.63962,0.01663,208.52561,5.39922,325.95919,300.61469,0.01662,233.26236,5.37144,325.51148,300.59467,0.0166,258.04655,5.33189,324.99864,300.57944,0.01658,282.87878,5.27831,324.33581,300.5683,0.01655,311.91487,5.19221,323.2689,300.56577,0.01649,412.20068,4.15635,313.71682,300.84641,0.01546
2015-08-23 13:40:00,12.2123,4.58432,330.69482,301.59528,0.01706,36.63831,5.18355,330.49238,301.05798,0.01702,61.08144,5.38949,330.28163,300.85825,0.017,85.55976,5.48331,330.08095,300.75305,0.01699,110.0785,5.53422,329.87533,300.68286,0.01697,134.64033,5.5604,329.66584,300.63211,0.01695,159.24689,5.57026,329.4323,300.59311,0.01694,183.89882,5.5677,329.17682,300.56238,0.01692,208.597,5.55469,328.89641,300.53799,0.0169,233.34202,5.53057,328.59079,300.51859,0.01688,258.13451,5.49362,328.24192,300.50424,0.01685,282.97504,5.44604,327.59588,300.4939,0.01682,312.02068,5.3485,326.58485,300.49707,0.01673,412.31866,3.93249,312.24945,300.94019,0.01535
2015-08-23 13:50:00,12.21212,4.45444,331.48307,301.6871,0.01688,36.63778,5.03963,331.26588,301.16302,0.01685,61.08075,5.24619,331.04324,300.96744,0.01682,85.55907,5.34208,330.82076,300.86374,0.01681,110.07765,5.39567,330.58769,300.79425,0.01679,134.63929,5.42515,330.34299,300.7438,0.01678,159.24573,5.43854,330.07829,300.70493,0.01676,183.89747,5.44029,329.78515,300.67416,0.01674,208.59552,5.43239,329.46999,300.64963,0.01672,233.34048,5.41521,329.12839,300.63004,0.0167,258.13276,5.38645,328.76418,300.61533,0.01667,282.97301,5.34778,328.16547,300.60486,0.01664,312.01846,5.25081,326.94987,300.60422,0.01656,412.31752,3.75524,308.33197,300.86075,0.01547
2015-08-23 14:00:00,12.21359,4.25119,333.07309,301.76642,0.01689,36.64289,4.78917,332.71619,301.26154,0.01685,61.09036,4.9739,332.39417,301.07416,0.01682,85.57339,5.05642,332.09345,300.97461,0.0168,110.09678,5.09912,331.78723,300.90814,0.01678,134.66322,5.11859,331.46719,300.86011,0.01675,159.27432,5.12192,331.11354,300.82333,0.01673,183.93048,5.11353,330.70802,300.79465,0.0167,208.63271,5.094,330.25082,300.77197,0.01667,233.38157,5.06288,329.73125,300.75452,0.01664,258.17748,5.01491,329.19535,300.74176,0.0166,283.02097,4.94841,328.4512,300.7338,0.01655,312.06935,4.81312,326.64468,300.7338,0.01645,412.36851,3.71594,311.54221,300.88931,0.01558
2015-08-23 14:10:00,12.21383,4.07785,333.76516,301.86859,0.01655,36.64414,4.55024,333.26123,301.3786,0.01651,61.09341,4.69969,332.877,301.19815,0.01648,85.57873,4.7591,332.54957,301.1026,0.01646,110.10467,4.78299,332.21976,301.03891,0.01644,134.67361,4.78612,331.86952,300.99298,0.01642,159.28726,4.77464,331.48618,300.95804,0.0164,183.94613,4.75193,331.05144,300.93069,0.01638,208.65109,4.71886,330.5649,300.90927,0.01635,233.40259,4.67484,330.02325,300.89261,0.01632,258.20109,4.61568,329.44364,300.88065,0.01629,283.04725,4.54561,328.69869,300.87271,0.01624,312.09849,4.4387,327.05899,300.8775,0.01613,412.41801,3.58221,316.78886,301.10175,0.01538
2015-08-23 14:20:00,12.2129,4.00229,333.8074,302.00323,0.01651,36.64187,4.46495,333.43386,301.51617,0.01648,61.09033,4.61418,333.09968,301.33478,0.01645,85.5751,4.67568,332.80128,301.23804,0.01643,110.10086,4.7031,332.49974,301.1731,0.01641,134.66978,4.71123,332.17259,301.12595,0.01639,159.2836,4.70526,331.80788,301.08969,0.01637,183.94286,4.6885,331.40852,301.061,0.01634,208.6482,4.66113,330.96859,301.03806,0.01632,233.40025,4.62278,330.47128,301.01993,0.01629,258.19959,4.57175,329.91159,301.00598,0.01625,283.04683,4.50462,329.19394,300.99606,0.01621,312.09968,4.33377,327.48986,300.98868,0.01613,412.4439,3.22902,316.89041,301.05316,0.0156
2015-08-23 14:30:00,12.21504,4.12063,330.75103,302.01028,0.01629,36.64821,4.57937,330.69571,301.52499,0.01626,61.10068,4.7156,330.58334,301.34415,0.01624,85.58923,4.76301,330.43563,301.24762,0.01622,110.11857,4.77534,330.26483,301.18268,0.01621,134.69101,4.76694,330.05463,301.13535,0.01619,159.30822,4.7436,329.79093,301.09857,0.01617,183.97074,4.70848,329.48782,301.0694,0.01616,208.67932,4.66304,329.12676,301.04562,0.01614,233.43455,4.60624,328.68731,301.02643,0.01612,258.23701,4.53605,328.15259,301.01111,0.01609,283.08732,4.45107,327.53782,300.99957,0.01607,312.14384,4.305,326.3842,300.98712,0.016,412.50264,3.44248,318.90948,301.04343,0.01565
2015-08-23 14:40:00,12.21493,4.03828,329.85925,301.97253,0.01669,36.64817,4.49487,329.64718,301.49295,0.01666,61.10134,4.63339,329.45249,301.314,0.01663,85.59092,4.68503,329.25777,301.21808,0.01661,110.12135,4.70141,329.0543,301.15356,0.01659,134.69499,4.69737,328.82709,301.10645,0.01657,159.31353,4.67875,328.56032,301.07001,0.01654,183.9774,4.6485,328.25344,301.04102,0.01652,208.68742,4.60821,327.88165,301.01755,0.01649,233.44412,4.55725,327.45046,300.9986,0.01646,258.24808,4.49406,326.91993,300.98361,0.01643,283.09998,4.41391,326.2789,300.97208,0.01639,312.15854,4.2395,324.74352,300.96094,0.01633,412.52756,3.39696,314.69906,300.9805,0.016
2015-08-23 14:50:00,12.21938,3.88105,334.8868,301.89713,0.01687,36.66196,4.31579,334.38436,301.42661,0.01683,61.12499,4.44721,333.98501,301.25333,0.01681,85.62461,4.49464,333.62938,301.16132,0.01679,110.1652,4.5076,333.29882,301.0997,0.01678,134.74912,4.50033,332.96975,301.05493,0.01676,159.37799,4.47869,332.60735,301.02045,0.01674,184.05223,4.4468,332.17969,300.99307,0.01673,208.77274,4.40678,331.65913,300.97104,0.01671,233.54003,4.35677,331.06916,300.95337,0.01669,258.35461,4.29339,330.39114,300.93939,0.01666,283.21716,4.20859,329.60262,300.92889,0.01663,312.28823,4.03646,327.82762,300.92151,0.01657,412.701,3.26589,316.54537,301.01547,0.01614
2015-08-23 15:00:00,12.21973,4.00361,336.9451,301.88083,0.01698,36.66316,4.46133,336.45125,301.40848,0.01695,61.12726,4.59964,336.07668,301.23441,0.01693,85.62825,4.6501,335.75119,301.14218,0.01691,110.1706,4.66427,335.45646,301.08032,0.0169,134.75644,4.65703,335.1604,301.03546,0.01688,159.38741,4.63434,334.83691,301.00079,0.01687,184.06408,4.60032,334.45262,300.9733,0.01685,208.78715,4.55773,333.95006,300.95114,0.01683,233.55716,4.50449,333.34815,300.93323,0.01681,258.37481,4.43483,332.67485,300.91907,0.01679,283.24071,4.34626,331.87781,300.90842,0.01676,312.31597,4.17273,329.8765,300.90018,0.01671,412.74664,3.33107,315.51177,300.98239,0.01631
2015-08-23 15:10:00,12.2176,4.032,337.24618,301.8309,0.01685,36.65677,4.50977,336.82957,301.3678,0.01681,61.11667,4.65653,336.53707,301.19785,0.01679,85.61349,4.71064,336.29027,301.10818,0.01677,110.15166,4.72709,336.05928,301.04846,0.01676,134.73344,4.72147,335.81869,301.00534,0.01674,159.36041,4.70078,335.53496,300.97238,0.01672,184.03309,4.66864,335.19468,300.94641,0.0167,208.75231,4.62629,334.7688,300.9259,0.01668,233.51862,4.5717,334.2678,300.90973,0.01666,258.33255,4.49875,333.76453,300.89786,0.01664,283.19467,4.4092,333.10007,300.88931,0.0166,312.26563,4.2748,330.653,300.89545,0.0165,412.69589,3.396,314.47781,301.16116,0.01585
2015-08-23 15:20:00,12.21607,3.84484,340.79466,301.89392,0.01676,36.65286,4.30323,340.02712,301.44339,0.01673,61.11122,4.45094,339.53224,301.27707,0.0167,85.60669,4.50969,339.11997,301.18903,0.01668,110.14358,4.53259,338.7357,301.13028,0.01666,134.72416,4.5343,338.35027,301.08783,0.01664,159.34996,4.52219,337.92069,301.0553,0.01662,184.0214,4.49974,337.43873,301.02982,0.0166,208.73932,4.46767,336.87681,301.0097,0.01658,233.50428,4.42455,336.23817,300.99396,0.01655,258.31674,4.36785,335.46562,300.98245,0.01652,283.17716,4.28693,334.31592,300.97479,0.01647,312.24551,4.07764,331.25963,300.97748,0.01638,412.65509,3.08326,306.80499,301.16324,0.01568
2015-08-23 15:30:00,12.21768,4.02843,341.21479,301.86777,0.01675,36.65792,4.48012,340.78968,301.42825,0.01672,61.12009,4.61546,340.4736,301.26697,0.01669,85.61956,4.66278,340.20124,301.18185,0.01667,110.16053,4.67469,339.94459,301.12531,0.01665,134.74518,4.66559,339.6857,301.08469,0.01663,159.37511,4.6423,339.37676,301.05365,0.01661,184.05067,4.60847,339.00495,301.02942,0.01659,208.77268,4.56458,338.55195,301.01035,0.01657,233.54174,4.51022,338.01025,300.99564,0.01654,258.35823,4.44307,337.33456,300.98492,0.01651,283.22267,4.36546,336.29567,300.97794,0.01647,312.29597,4.25297,333.83019,300.97937,0.01638,412.71242,3.3287,316.91772,301.14133,0.01573
2015-08-23 15:40:00,12.21641,3.77619,338.53158,301.93439,0.0166,36.6549,4.19354,338.15503,301.51019,0.01657,61.11635,4.31981,337.86649,301.35321,0.01654,85.61535,4.36446,337.62406,301.26962,0.01652,110.15604,4.37658,337.39609,301.21368,0.0165,134.74065,4.37049,337.13448,301.1731,0.01649,159.37058,4.35224,336.80624,301.14188,0.01647,184.0462,4.32457,336.4369,301.11731,0.01644,208.7684,4.28889,336.00605,301.09766,0.01642,233.53773,4.24712,335.47306,301.08215,0.01639,258.35446,4.19621,334.86871,301.07016,0.01636,283.21925,4.14421,333.92955,301.06177,0.01633,312.29318,4.09873,331.50861,301.05548,0.01625,412.70813,3.40469,318.98604,301.09824,0.01586
2015-08-23 15:50:00,12.21528,3.72535,332.50249,301.88202,0.01658,36.65177,4.12866,332.3586,301.46313,0.01655,61.11152,4.24537,332.18955,301.30676,0.01653,85.60905,4.28273,332.01414,301.22296,0.01651,110.1483,4.28784,331.81355,301.16653,0.01649,134.73132,4.27406,331.56464,301.12527,0.01647,159.35967,4.24764,331.24567,301.09332,0.01645,184.03376,4.21141,330.86212,301.0679,0.01642,208.75421,4.16577,330.38935,301.04724,0.0164,233.5216,4.11397,329.78703,301.03064,0.01637,258.33645,4.05353,329.08265,301.01746,0.01634,283.19933,3.98953,328.00655,301.00751,0.01631,312.27099,3.94037,325.88973,300.99878,0.01625,412.68484,3.56819,315.88846,300.99942,0.01597
2015-08-23 16:00:00,12.21284,3.95593,333.6639,301.84457,0.01663,36.64465,4.39502,333.67528,301.42487,0.01659,61.09994,4.52405,333.64315,301.26926,0.01657,85.59285,4.56678,333.58685,301.18701,0.01655,110.12738,4.57517,333.50866,301.1319,0.01653,134.70574,4.56321,333.40402,301.09201,0.01651,159.32923,4.53727,333.24842,301.06128,0.01649,183.99824,4.50137,333.02836,301.03702,0.01646,208.71372,4.45694,332.72287,301.01743,0.01644,233.47611,4.40592,332.31667,301.00171,0.01642,258.28575,4.34663,331.83235,300.98929,0.01639,283.14331,4.28256,331.10754,300.97995,0.01636,312.20879,4.21683,329.65064,300.96964,0.01629,412.60626,3.78457,321.45466,301.01086,0.01601
2015-08-23 16:10:00,12.2122,3.98513,332.25845,301.7543,0.01684,36.64277,4.45561,332.50691,301.34314,0.0168,61.09711,4.60066,332.63265,301.19171,0.01678,85.58947,4.65474,332.69912,301.11246,0.01676,110.12371,4.67348,332.73446,301.05984,0.01675,134.70205,4.67107,332.74927,301.02206,0.01673,159.32592,4.65416,332.7317,300.99335,0.01671,183.9956,4.6265,332.67609,300.97086,0.01669,208.712,4.59055,332.56007,300.95316,0.01667,233.4757,4.54737,332.3771,300.93939,0.01664,258.28699,4.49257,332.14201,300.92926,0.01661,283.1465,4.42446,331.73511,300.92261,0.01658,312.21473,4.3511,330.55768,300.92133,0.01652,412.62084,3.71088,321.69365,301.03659,0.01589
2015-08-23 16:20:00,12.2114,3.81151,328.96475,301.703,0.01675,36.64091,4.27566,329.40781,301.31302,0.01672,61.0949,4.42557,329.65932,301.16916,0.01669,85.58719,4.48646,329.8477,301.0932,0.01667,110.12158,4.51213,329.99808,301.04276,0.01665,134.7002,4.51739,330.11393,301.00647,0.01663,159.32433,4.50833,330.19969,300.97879,0.01661,183.9944,4.48919,330.25553,300.95712,0.01659,208.71122,4.46305,330.25318,300.94003,0.01657,233.47524,4.43234,330.20198,300.92679,0.01654,258.28682,4.39168,330.00946,300.9169,0.01651,283.1465,4.31875,329.62061,300.91037,0.01648,312.21431,4.21792,328.36486,300.90683,0.01638,412.60113,3.66883,320.91872,300.98947,0.0159
2015-08-23 16:30:00,12.20632,3.64229,327.61676,301.61798,0.01676,36.62663,4.06334,328.04493,301.23917,0.01673,61.07259,4.19609,328.2572,301.10016,0.0167,85.55718,4.24758,328.40237,301.02731,0.01668,110.084,4.26734,328.51248,300.97906,0.01666,134.65523,4.26888,328.59358,300.94452,0.01664,159.27214,4.25809,328.62922,300.91824,0.01662,183.93502,4.23893,328.6025,300.89777,0.0166,208.64472,4.21196,328.50738,300.88174,0.01658,233.40166,4.17707,328.33295,300.86932,0.01655,258.20626,4.12913,328.07043,300.86023,0.01653,283.05906,4.06495,327.69696,300.85391,0.01649,312.11931,3.96251,326.40439,300.85532,0.01642,412.50179,3.19044,314.36212,301.03317,0.01591
2015-08-23 16:40:00,12.20469,3.76225,326.4675,301.50571,0.01692,36.62189,4.20077,326.64822,301.13611,0.01688,61.06515,4.33699,326.72661,301.00046,0.01686,85.54741,4.3893,326.75538,300.92966,0.01684,110.07206,4.4095,326.75888,300.88284,0.01682,134.64119,4.41125,326.74393,300.8494,0.0168,159.25607,4.40046,326.6916,300.82401,0.01678,183.91698,4.3807,326.59414,300.80438,0.01676,208.62487,4.35339,326.44609,300.789,0.01674,233.38018,4.3183,326.25772,300.77704,0.01672,258.18326,4.27515,325.97728,300.7684,0.01669,283.03462,4.22373,325.57636,300.7627,0.01666,312.09331,4.10932,324.40203,300.76593,0.01659,412.47986,3.14473,307.37388,301.02844,0.01575
2015-08-23 16:50:00,12.20284,3.66053,328.22389,301.42126,0.01699,36.61685,4.10859,328.33186,301.06461,0.01696,61.05738,4.25687,328.42512,300.9339,0.01693,85.53701,4.32035,328.5014,300.86578,0.01691,110.05938,4.35142,328.57452,300.82095,0.01689,134.62639,4.36394,328.64451,300.78903,0.01687,159.23926,4.36401,328.69595,300.76505,0.01685,183.89833,4.35537,328.7323,300.74664,0.01683,208.60444,4.33953,328.75101,300.73264,0.01681,233.35803,4.31651,328.75571,300.7222,0.01678,258.15946,4.28664,328.64303,300.71533,0.01674,283.00925,4.23587,328.50521,300.71173,0.0167,312.06591,4.0947,327.82492,300.7207,0.0166,412.41457,2.97939,315.2409,300.99536,0.01566
2015-08-23 17:00:00,12.20081,3.65612,329.16384,301.3114,0.01705,36.61118,4.10171,329.60699,300.9642,0.01702,61.04869,4.24539,329.87123,300.83673,0.01699,85.52561,4.30389,330.06808,300.77075,0.01696,110.04539,4.32962,330.24073,300.72745,0.01694,134.60979,4.33655,330.39129,300.69693,0.01692,159.22011,4.33085,330.51079,300.67413,0.0169,183.87672,4.31571,330.60435,300.65692,0.01687,208.58025,4.29199,330.66227,300.64401,0.01684,233.3311,4.25963,330.67107,300.63467,0.01681,258.12977,4.21208,330.6826,300.62921,0.01677,282.97667,4.14306,330.88256,300.62805,0.01672,312.02914,4.02733,331.27781,300.64655,0.01657,412.38064,2.86762,320.13923,301.0372,0.0156
2015-08-23 17:10:00,12.19722,3.5629,328.64407,301.23685,0.01708,36.60094,3.99665,329.23209,300.90747,0.01704,61.03241,4.13483,329.61155,300.78442,0.01701,85.50355,4.18909,329.90064,300.71939,0.01699,110.01759,4.21102,330.15409,300.6763,0.01697,134.57624,4.21434,330.37699,300.64563,0.01694,159.18087,4.20436,330.5722,300.62286,0.01692,183.83172,4.18468,330.73932,300.60593,0.01689,208.52947,4.15594,330.88729,300.59375,0.01686,233.27465,4.11699,331.01991,300.58582,0.01682,258.06753,4.05936,331.2946,300.58237,0.01678,282.9083,3.96878,331.82199,300.58536,0.0167,311.95286,3.80944,332.77464,300.62683,0.01646,412.29594,2.52053,321.34774,301.03696,0.01565
2015-08-23 17:20:00,12.19473,3.49196,325.81699,301.14459,0.01712,36.59387,3.92679,326.61416,300.82303,0.01708,61.02141,4.07014,327.12275,300.70325,0.01706,85.48868,4.12985,327.50468,300.64032,0.01704,109.99883,4.15696,327.84198,300.59869,0.01702,134.5537,4.16596,328.13258,300.56915,0.017,159.15446,4.1615,328.40056,300.54706,0.01698,183.80143,4.14872,328.62624,300.53058,0.01695,208.49542,4.12724,328.84223,300.5184,0.01693,233.23691,4.09662,329.03038,300.51022,0.0169,258.02618,4.0478,329.36014,300.50592,0.01686,282.86333,3.96068,330.03754,300.50867,0.01679,311.89957,3.53316,331.10312,300.61392,0.01622,412.25084,2.37316,318.56312,301.03842,0.01573
2015-08-23 17:30:00,12.19248,3.57044,328.2484,301.03217,0.01725,36.58745,4.03431,328.70245,300.71533,0.01722,61.01135,4.18952,328.92792,300.59824,0.01719,85.47539,4.25564,329.06701,300.53772,0.01716,109.98255,4.28777,329.16267,300.49814,0.01714,134.53446,4.30048,329.21907,300.47049,0.01712,159.13243,4.29864,329.25058,300.45029,0.01709,183.77669,4.28702,329.24454,300.4357,0.01706,208.46785,4.26634,329.20425,300.42554,0.01702,233.20638,4.23856,329.10458,300.41977,0.01698,257.99255,4.19243,329.24557,300.41864,0.01692,282.82641,4.10732,329.77705,300.4313,0.01681,311.85576,3.47728,327.2452,300.63483,0.01597,412.2131,2.47113,312.87277,301.0032,0.01589
2015-08-23 17:40:00,12.19006,3.69933,329.03906,300.97156,0.01734,36.58082,4.21677,329.47366,300.66394,0.01731,61.00115,4.39597,329.6762,300.54889,0.01729,85.46164,4.47541,329.78762,300.4892,0.01727,109.96519,4.5165,329.85158,300.44989,0.01725,134.51367,4.53507,329.88049,300.42215,0.01723,159.1082,4.53734,329.88395,300.40155,0.01721,183.74891,4.52819,329.84917,300.3862,0.01719,208.43675,4.51089,329.73753,300.37491,0.01716,233.17192,4.4893,329.4961,300.3674,0.01713,257.95463,4.44499,329.44895,300.3634,0.0171,282.78499,4.35618,329.33408,300.36722,0.01703,311.80964,3.70384,324.33956,300.50839,0.01633,412.16876,2.77125,308.47796,300.9364,0.01608
2015-08-23 17:50:00,12.18894,3.59121,326.69007,300.8316,0.01751,36.57796,4.11674,327.13188,300.54965,0.01749,60.99754,4.30445,327.42499,300.44507,0.01747,85.45813,4.39184,327.63572,300.39084,0.01746,109.96248,4.44091,327.81932,300.35498,0.01745,134.51214,4.46817,327.98315,300.32935,0.01744,159.10831,4.48033,328.13173,300.30963,0.01743,183.75121,4.48223,328.26105,300.29425,0.01742,208.44156,4.47906,328.32064,300.28192,0.01741,233.17975,4.47312,328.28767,300.272,0.0174,257.96626,4.45139,328.34643,300.26401,0.01739,282.80149,4.39902,328.51351,300.25851,0.01738,311.84014,4.25783,328.70631,300.25772,0.01734,412.19699,3.02744,307.96848,300.75986,0.01614
2015-08-23 18:00:00,12.18825,3.42787,327.90203,300.78445,0.01755,36.57701,3.94343,328.61314,300.52481,0.01753,60.99798,4.13291,329.15782,300.42935,0.01752,85.46077,4.22642,329.58852,300.38028,0.01751,109.96777,4.28357,329.99072,300.34805,0.0175,134.52059,4.32039,330.36309,300.32532,0.01749,159.1204,4.34309,330.71032,300.3082,0.01748,183.76717,4.35502,331.05789,300.29517,0.01747,208.46173,4.36032,331.35157,300.28519,0.01746,233.20468,4.35984,331.53044,300.27792,0.01744,257.99625,4.34724,331.69803,300.27313,0.01742,282.83685,4.31897,331.96214,300.27048,0.0174,311.88403,4.21911,331.95162,300.28049,0.01732,412.20974,2.97812,312.44806,300.68817,0.01598
2015-08-23 18:10:00,12.18696,3.39784,327.00186,300.68192,0.01758,36.57403,3.91648,328.09656,300.43945,0.01755,60.99449,4.10146,328.86052,300.35193,0.01753,85.45709,4.1913,329.43065,300.30811,0.01751,109.96408,4.24448,329.93412,300.28012,0.0175,134.51705,4.27715,330.3766,300.26089,0.01748,159.11696,4.29549,330.77932,300.24713,0.01746,183.76387,4.3009,331.16871,300.23721,0.01744,208.45853,4.29311,331.56972,300.23047,0.01741,233.20124,4.28061,331.81349,300.22656,0.01738,257.99226,4.26534,331.86694,300.22559,0.01734,282.83194,4.2183,332.06128,300.22806,0.01729,311.87692,4.05787,331.56516,300.25031,0.01715,412.17391,2.93117,313.59445,300.65771,0.01584
2015-08-23 18:20:00,12.18282,3.44841,328.00243,300.53702,0.01758,36.56209,3.9775,328.90389,300.31073,0.01755,60.97528,4.15799,329.59947,300.22943,0.01752,85.4307,4.23936,330.13795,300.18918,0.01749,109.93057,4.28216,330.63603,300.16391,0.01747,134.47637,4.30271,331.10098,300.147,0.01745,159.06902,4.3071,331.54318,300.13528,0.01742,183.70858,4.29846,331.96422,300.12738,0.01739,208.39579,4.27975,332.3654,300.12262,0.01736,233.13086,4.25368,332.70041,300.12079,0.01732,257.91398,4.22751,332.75416,300.12228,0.01728,282.74534,4.15912,333.23653,300.12973,0.01719,311.77939,3.96604,332.84644,300.16574,0.01698,412.04207,2.93581,313.70044,300.60532,0.01562
2015-08-23 18:30:00,12.177,3.40924,328.32535,300.43604,0.0175,36.54534,3.94383,329.45877,300.23001,0.01746,60.94846,4.12602,330.36975,300.15683,0.01743,85.394,4.20688,331.09589,300.1214,0.0174,109.88405,4.24879,331.77571,300.09982,0.01737,134.42004,4.2677,332.42631,300.08612,0.01734,159.00284,4.27015,333.05348,300.07751,0.01731,183.63243,4.26044,333.63375,300.07278,0.01727,208.30943,4.24147,334.15299,300.07135,0.01722,233.03402,4.21116,334.6702,300.07336,0.01717,257.80635,4.17193,335.01657,300.07904,0.0171,282.62639,4.09991,335.98541,300.09109,0.017,311.64539,3.86017,334.85721,300.12997,0.01676,411.85073,2.92766,315.49374,300.49078,0.01547
2015-08-23 18:40:00,12.17355,3.28093,329.64014,300.37866,0.01762,36.5356,3.79746,331.13421,300.18027,0.01759,60.93319,3.97918,332.27112,300.10892,0.01756,85.37344,4.06051,333.16396,300.07407,0.01753,109.85834,4.1052,334.00132,300.05255,0.0175,134.38922,4.12751,334.773,300.03851,0.01747,158.96684,4.13237,335.51452,300.0293,0.01744,183.59115,4.12344,336.23081,300.02347,0.01741,208.26274,4.10357,336.87163,300.0206,0.01737,232.98181,4.07513,337.38416,300.02036,0.01733,257.74849,4.03951,337.83776,300.02271,0.01727,282.56304,3.99424,338.6449,300.02756,0.01721,311.57718,3.81678,337.84564,300.04083,0.01711,411.73635,2.97661,321.85981,300.32053,0.01566
2015-08-23 18:50:00,12.17315,3.30776,329.73025,300.27301,0.01754,36.53436,3.80798,331.62067,300.07736,0.01751,60.93133,3.97749,332.93551,300.00482,0.01749,85.37131,4.05107,333.92438,299.9689,0.01747,109.85619,4.08933,334.83622,299.94601,0.01745,134.3872,4.10679,335.67497,299.93045,0.01743,158.9652,4.10908,336.47971,299.91925,0.01742,183.59022,4.1013,337.23186,299.91125,0.0174,208.26286,4.0868,337.8572,299.90582,0.01738,232.98331,4.06576,338.38038,299.90274,0.01735,257.75184,4.03893,338.86655,299.90225,0.01732,282.56888,4.00096,339.40142,299.90552,0.01727,311.58729,3.92014,340.07755,299.91663,0.01719,411.74711,3.25036,331.37621,300.18979,0.01587
2015-08-23 19:00:00,12.16306,3.54123,333.16829,300.20013,0.01719,36.50412,4.08473,334.96493,300.00107,0.01715,60.8809,4.26587,336.22674,299.92636,0.01712,85.30066,4.34107,337.21135,299.88971,0.0171,109.76521,4.37909,338.13277,299.86685,0.01707,134.27593,4.39631,338.98122,299.85184,0.01705,158.83375,4.39881,339.80795,299.84177,0.01702,183.4386,4.39109,340.65537,299.83548,0.01699,208.09119,4.3743,341.49235,299.83252,0.01696,232.79182,4.35293,342.23137,299.83325,0.01691,257.54056,4.31142,343.39899,299.84183,0.01683,282.33754,4.24802,344.35812,299.85922,0.01672,311.33239,4.1627,344.40723,299.91333,0.01646,411.44372,3.50682,333.64051,300.22546,0.01546
2015-08-23 19:10:00,12.16132,3.47748,335.40682,300.17291,0.01735,36.49868,4.09491,337.3688,299.96497,0.01733,60.87128,4.33834,338.60733,299.88071,0.01732,85.28628,4.45956,339.53734,299.83597,0.01731,109.74549,4.53665,340.37992,299.80603,0.01729,134.25049,4.58575,341.13896,299.78485,0.01728,158.80225,4.61643,341.89911,299.76929,0.01726,183.40077,4.63148,342.71505,299.7579,0.01725,208.0467,4.63184,343.62921,299.75018,0.01722,232.74028,4.62846,344.23111,299.74591,0.0172,257.48121,4.57272,346.31593,299.74808,0.01715,282.26999,4.53811,346.27466,299.74863,0.01712,311.2449,4.41351,344.33616,299.99857,0.01593,411.32521,3.77055,333.92782,300.21933,0.0154
2015-08-23 19:20:00,12.16442,3.34127,339.43957,300.01385,0.01768,36.50871,3.96218,340.48511,299.82703,0.01766,60.88924,4.21265,341.07745,299.75635,0.01765,85.31286,4.34189,341.55915,299.72101,0.01764,109.78158,4.42617,342.04466,299.69806,0.01764,134.2966,4.48287,342.55912,299.68198,0.01763,158.85884,4.52241,343.11875,299.66995,0.01763,183.46843,4.54804,343.73555,299.66071,0.01762,208.12585,4.56151,344.4826,299.65353,0.01762,232.83151,4.57019,345.20906,299.64798,0.01761,257.58568,4.56635,346.04446,299.64374,0.0176,282.38888,4.55519,346.82519,299.64096,0.01759,311.38823,4.50232,349.28744,299.63892,0.01758,411.49852,3.74062,342.43372,300.00467,0.01607
2015-08-23 19:30:00,12.15841,3.34357,341.35287,299.94159,0.01729,36.49084,3.91944,342.08582,299.76221,0.01727,60.85977,4.13361,342.66796,299.69241,0.01726,85.27215,4.23418,343.16027,299.65628,0.01725,109.72978,4.29569,343.59499,299.63223,0.01724,134.23364,4.33649,344.00639,299.61496,0.01723,158.78494,4.36448,344.35,299.60178,0.01723,183.38377,4.38407,344.63929,299.59134,0.01722,208.03056,4.39182,345.15341,299.58298,0.01721,232.72575,4.39268,345.78297,299.57626,0.01721,257.47003,4.39683,346.10038,299.57077,0.01721,282.26397,4.39937,345.97723,299.5661,0.0172,311.25764,4.40947,345.94542,299.56137,0.0172,411.38156,3.56998,348.60605,299.87091,0.01613
2015-08-23 19:40:00,12.15327,3.23712,336.8852,299.8956,0.01744,36.47601,3.76385,338.89786,299.72699,0.01744,60.83612,3.96294,340.2663,299.65936,0.01743,85.24005,4.0573,341.30942,299.62433,0.01743,109.6894,4.11714,342.32102,299.6011,0.01742,134.18516,4.15525,343.34227,299.58456,0.01742,158.72845,4.18069,344.33775,299.57227,0.01741,183.31926,4.19423,345.51531,299.56317,0.0174,207.95807,4.2081,346.41836,299.55682,0.01738,232.64554,4.20507,348.01834,299.55331,0.01736,257.38203,4.20723,349.06835,299.55298,0.01733,282.16791,4.21034,349.71423,299.55682,0.01728,311.15209,4.20687,351.0998,299.5687,0.01718,411.23664,3.77085,347.80692,299.64084,0.01668
2015-08-23 19:50:00,12.15018,3.20587,337.40698,299.81339,0.01705,36.46719,3.71495,340.9582,299.64404,0.01703,60.82211,3.91953,343.10732,299.57611,0.01701,85.22071,4.01983,344.68668,299.5408,0.01701,109.66455,4.08051,346.10462,299.51709,0.017,134.15492,4.11893,347.36304,299.49976,0.017,158.69265,4.14684,348.48439,299.4863,0.017,183.27771,4.16453,349.65752,299.47537,0.01699,207.9108,4.17968,350.4745,299.46631,0.01699,232.59227,4.18407,351.45232,299.45871,0.01699,257.32234,4.18006,352.44533,299.45221,0.017,282.10152,4.16849,353.37584,299.4465,0.017,311.07733,4.12871,354.4521,299.44034,0.01701,411.16274,3.97972,355.1524,299.70831,0.016
2015-08-23 20:00:00,12.1433,3.10524,343.40588,299.76376,0.01716,36.44655,3.60666,346.30327,299.60434,0.01716,60.78775,3.80988,347.93423,299.54111,0.01716,85.17286,3.91237,349.12274,299.50763,0.01716,109.60344,3.97638,350.08508,299.48499,0.01716,134.08059,4.01905,350.86685,299.46838,0.01716,158.60526,4.05048,351.65101,299.45551,0.01716,183.17752,4.07461,352.3542,299.44516,0.01716,207.79793,4.09135,353.20063,299.43671,0.01716,232.46691,4.10975,353.32997,299.42957,0.01716,257.18493,4.12401,353.47505,299.42358,0.01716,281.95255,4.13592,353.40531,299.41846,0.01717,310.91563,4.1573,352.59754,299.41327,0.01717,410.92225,3.82158,351.36473,299.72769,0.01577
2015-08-23 20:10:00,12.14724,2.7665,338.68939,299.74634,0.01718,36.45873,3.21187,341.67335,299.60233,0.01714,60.80875,3.39623,343.52828,299.54623,0.01712,85.20289,3.49138,344.91905,299.51788,0.0171,109.64239,3.55164,346.15756,299.49963,0.01708,134.12822,3.59288,347.28761,299.48694,0.01706,158.66137,3.62068,348.64177,299.47778,0.01705,183.24183,3.64566,349.68286,299.47122,0.01703,207.86996,3.65956,351.19974,299.46652,0.017,232.54624,3.67421,352.32208,299.46332,0.01698,257.27101,3.68657,353.32248,299.46152,0.01695,282.04461,3.69656,354.09649,299.46103,0.01692,311.01347,3.70133,355.55158,299.46182,0.01689,411.06279,3.73439,357.28056,299.46704,0.01675
2015-08-23 20:20:00,12.14128,2.84385,335.27562,299.70999,0.01695,36.44123,3.22713,338.48029,299.57245,0.01693,60.78008,3.36372,340.67589,299.51782,0.01692,85.1632,3.4171,342.4996,299.48996,0.01691,109.59187,3.44024,344.26714,299.47168,0.01689,134.06695,3.44701,346.09367,299.45877,0.01688,158.58945,3.44507,347.93192,299.4491,0.01687,183.1594,3.4394,349.72501,299.44159,0.01685,207.77726,3.43389,351.31019,299.43558,0.01684,232.44314,3.42724,352.85592,299.43082,0.01682,257.15734,3.41902,354.58505,299.427,0.01681,281.92054,3.41426,355.58423,299.42392,0.01679,310.87739,3.40716,357.60214,299.42105,0.01677,410.92115,3.38543,0.69784,299.41235,0.01671
2015-08-23 20:30:00,12.1382,2.73229,339.08367,299.61957,0.01705,36.43215,3.09042,343.8192,299.47714,0.01703,60.76534,3.23068,346.4775,299.42099,0.01702,85.14288,3.29952,348.19595,299.39221,0.01701,109.56598,3.34218,349.53364,299.37341,0.017,134.03573,3.36927,350.71355,299.36029,0.01699,158.55294,3.38692,351.68159,299.35071,0.01698,183.11743,3.39878,352.44798,299.34375,0.01696,207.72988,3.40499,353.3149,299.33893,0.01695,232.39066,3.41158,353.54721,299.33606,0.01692,257.09993,3.40997,354.53307,299.33524,0.0169,281.85811,3.40596,355.42444,299.33691,0.01686,310.80915,3.39033,357.38527,299.34357,0.0168,410.82607,3.39105,357.9637,299.41293,0.01635
2015-08-23 20:40:00,12.13589,2.74611,350.3379,299.53922,0.01708,36.42536,3.17688,352.82754,299.40384,0.01708,60.75439,3.34333,353.85386,299.35147,0.01708,85.12792,3.42635,354.44452,299.32379,0.01707,109.54713,3.47615,354.91015,299.30515,0.01707,134.01317,3.50688,355.33999,299.29166,0.01707,158.52679,3.52626,355.70334,299.28131,0.01707,183.08789,3.5376,356.11553,299.27332,0.01707,207.69718,3.54355,356.63285,299.26697,0.01706,232.35495,3.54917,356.67241,299.26215,0.01706,257.06141,3.55187,356.79755,299.25867,0.01705,281.81705,3.55233,356.81177,299.2565,0.01704,310.76535,3.544,358.0074,299.25726,0.01701,410.71715,3.56203,349.19164,299.48178,0.01584
2015-08-23 20:50:00,12.136,2.50735,340.64544,299.51627,0.01717,36.42626,2.86953,343.13096,299.39243,0.01716,60.75667,3.00474,344.87203,299.34253,0.01716,85.13188,3.06929,346.37489,299.31641,0.01715,109.55306,3.10745,347.83105,299.29886,0.01715,134.02102,3.13254,349.20538,299.2861,0.01714,158.53659,3.14977,350.58056,299.27634,0.01714,183.09975,3.16383,351.90483,299.26849,0.01713,207.71093,3.17504,353.37752,299.26221,0.01712,232.37039,3.18903,354.61276,299.25702,0.01712,257.0785,3.2045,355.71239,299.25293,0.01711,281.83572,3.21868,357.28481,299.24896,0.0171,310.78552,3.25728,356.45957,299.2442,0.0171,410.7841,3.40786,358.84768,299.22293,0.01711
2015-08-23 21:00:00,12.13511,2.3084,346.63282,299.30219,0.01745,36.42412,2.64743,349.18329,299.18549,0.01744,60.754,2.78848,350.26569,299.13846,0.01744,85.12891,2.85811,350.98354,299.11435,0.01743,109.54991,2.90026,351.54028,299.09833,0.01743,134.01795,2.92662,351.94967,299.08691,0.01743,158.53375,2.94292,352.19664,299.07834,0.01742,183.09728,2.95202,352.30241,299.07184,0.01742,207.70915,2.95412,352.47379,299.06705,0.01741,232.36963,2.95289,352.5213,299.0639,0.0174,257.07906,2.94831,352.59189,299.06177,0.0174,281.83807,2.93137,353.73706,299.05905,0.0174,310.79114,2.94696,350.86567,299.05453,0.0174,410.83547,2.89775,3.76349,299.03302,0.01744
2015-08-23 21:10:00,12.13196,2.50573,17.14122,299.1026,0.01755,36.41438,2.95145,15.61313,298.97937,0.01753,60.73746,3.1256,14.43341,298.93195,0.01753,85.10563,3.20571,13.43398,298.90799,0.01752,109.51989,3.25039,12.50111,298.89249,0.01751,133.98126,3.27286,11.55363,298.8819,0.01751,158.49052,3.28036,10.65312,298.87448,0.0175,183.04757,3.27056,9.2988,298.86957,0.01749,207.653,3.24987,8.44549,298.86734,0.01747,232.30721,3.21111,7.25864,298.86783,0.01745,257.01053,3.15633,6.21541,298.8714,0.01743,281.76354,3.08099,4.5529,298.8801,0.0174,310.70972,3.02599,4.33774,298.90417,0.01731,410.73034,2.70118,356.07307,299.12216,0.01683
2015-08-23 21:20:00,12.12837,2.68772,21.26166,299.02002,0.01752,36.40349,3.16173,18.50631,298.89923,0.0175,60.71897,3.34185,16.76414,298.85193,0.01749,85.07924,3.43053,15.44379,298.8273,0.01748,109.48542,3.48542,14.23286,298.81116,0.01747,133.93853,3.51896,13.09308,298.8002,0.01746,158.43924,3.53632,11.95852,298.79257,0.01745,182.98752,3.54074,10.78865,298.78766,0.01743,207.58394,3.53129,9.68792,298.78571,0.01741,232.22868,3.50569,8.50279,298.78726,0.01738,256.92209,3.47038,7.2874,298.79208,0.01734,281.66463,3.41168,5.51834,298.81714,0.01723,310.59513,3.22777,4.48068,298.99292,0.01666,410.5521,2.65127,349.57915,299.29391,0.01598
2015-08-23 21:30:00,12.12549,2.58827,16.80042,298.96353,0.01741,36.39468,3.09114,15.61869,298.84125,0.01738,60.70382,3.29899,14.8739,298.7905,0.01736,85.05742,3.41092,14.194,298.76285,0.01734,109.45658,3.4883,13.47929,298.74451,0.01732,133.90221,3.5415,12.64131,298.73196,0.0173,158.39514,3.58003,11.78201,298.72366,0.01728,182.93535,3.61111,11.02621,298.71936,0.01725,207.52331,3.63643,10.07975,298.71927,0.01721,232.15927,3.65169,8.71267,298.72485,0.01716,256.84344,3.65586,8.52448,298.76257,0.01698,281.57463,3.54072,7.85595,298.88977,0.01658,310.49048,3.1785,3.57321,299.03461,0.01635,410.40343,2.70783,352.05861,299.31699,0.01582
2015-08-23 21:40:00,12.12291,2.47155,13.71704,298.9295,0.01738,36.38689,2.97678,14.17158,298.81207,0.01737,60.6908,3.20575,14.26896,298.76199,0.01736,85.03909,3.34079,13.88531,298.73428,0.01734,109.43269,3.44503,13.34278,298.71548,0.01733,133.87263,3.53007,12.83839,298.70251,0.01731,158.3597,3.60467,12.42903,298.69385,0.01729,182.8937,3.66894,12.00589,298.68945,0.01726,207.4751,3.73759,11.31263,298.69016,0.01722,232.10411,3.79675,10.71622,298.69687,0.01717,256.7788,3.99774,10.72501,298.76328,0.01689,281.49928,3.86555,9.50419,298.86996,0.01658,310.40904,3.37787,4.86572,299.04346,0.01629,410.33014,2.79825,358.25813,299.34415,0.0158
2015-08-23 21:50:00,12.12259,2.35531,11.63181,298.8876,0.01744,36.38628,2.85495,12.37164,298.77609,0.01742,60.69048,3.08504,12.37588,298.72946,0.01741,85.03933,3.22591,12.02142,298.70441,0.01739,109.4336,3.33959,11.6622,298.68851,0.01737,133.87434,3.43796,11.57782,298.67886,0.01735,158.36227,3.52235,11.06005,298.67502,0.01731,182.89711,3.59324,10.02697,298.67767,0.01727,207.47953,3.65998,9.51294,298.6843,0.01722,232.10977,3.7008,9.77069,298.72992,0.017,256.78587,3.88331,9.6689,298.8201,0.01666,281.50736,3.80228,9.1125,298.95886,0.01632,310.41671,3.42366,5.94041,299.17352,0.01593,410.33417,2.85924,0.01467,299.48248,0.01542
2015-08-23 22:00:00,12.12188,2.17986,6.83604,298.87561,0.01747,36.38444,2.60875,7.5009,298.77655,0.01744,60.68792,2.79977,7.86018,298.73593,0.01742,85.03616,2.92328,8.29829,298.71457,0.0174,109.42988,3.02694,8.57384,298.70312,0.01737,133.86986,3.11713,8.11976,298.6998,0.0173,158.35649,3.21017,7.44791,298.71521,0.0172,182.88954,3.3026,8.16101,298.77029,0.017,207.46908,3.4185,9.81329,298.9093,0.01659,232.0932,3.56021,11.43015,299.01447,0.01629,256.76254,3.57539,11.74149,299.03235,0.01621,281.4802,3.40152,10.40652,299.0871,0.01606,310.38664,3.10833,7.67923,299.26062,0.01575,410.29727,2.67517,2.82225,299.57898,0.01526
2015-08-23 22:10:00,12.12258,1.75856,351.12888,298.90039,0.0174,36.38702,2.06659,353.73416,298.8197,0.01737,60.69294,2.2068,356.41728,298.7872,0.01734,85.04373,2.31158,358.58223,298.77017,0.01731,109.4399,2.41108,359.79601,298.76086,0.01727,133.88193,2.52392,0.2762,298.7576,0.01722,158.3698,2.65843,2.60222,298.76495,0.01713,182.90226,2.84687,8.07346,298.823,0.01686,207.47968,3.12512,14.18608,299.01126,0.01633,232.10435,3.27026,16.78704,299.15857,0.01605,256.77735,3.18133,16.89752,299.17224,0.016,281.49824,2.98513,12.02796,299.17441,0.01592,310.40669,2.73778,7.89504,299.27313,0.01572,410.3275,2.34176,3.48464,299.60284,0.01523
2015-08-23 22:20:00,12.12123,1.55457,339.29128,298.93512,0.01727,36.38373,1.76109,344.27133,298.84726,0.01724,60.68847,1.84333,348.68773,298.81409,0.01722,85.03831,1.90878,351.22849,298.7955,0.01719,109.43384,1.97669,353.19599,298.78369,0.01717,133.87568,2.05376,353.51617,298.77481,0.01714,158.36425,2.13727,356.21307,298.77045,0.0171,182.89863,2.24637,0.77802,298.77304,0.01703,207.47719,2.45583,8.96631,298.80328,0.01685,232.10073,2.77321,15.93813,299.03708,0.01618,256.77317,2.79506,18.1298,299.18524,0.01591,281.49506,2.69315,14.52275,299.23633,0.01581,310.40392,2.48424,9.68229,299.29095,0.01568,410.32394,2.05603,2.49295,299.59598,0.01523
2015-08-23 22:30:00,12.12731,1.30501,337.82414,299.14035,0.01728,36.3953,1.5909,346.25322,298.84799,0.01724,60.69777,1.69936,349.9005,298.73596,0.01721,85.04402,1.75186,350.79849,298.70691,0.01718,109.43578,1.79811,350.44683,298.69275,0.01715,133.87358,1.85475,349.48586,298.68478,0.01709,158.35766,1.89807,349.86963,298.69705,0.01696,182.88719,1.93847,350.1966,298.74982,0.01673,207.46152,1.96599,352.37326,298.85971,0.0164,232.08071,2.14395,359.37412,299.0184,0.01606,256.74909,2.30708,9.34501,299.14474,0.01589,281.47014,2.32569,13.09701,299.23727,0.01578,310.38034,2.177,8.14123,299.32034,0.01561,410.30458,1.76795,357.70698,299.61499,0.0152
2015-08-23 22:40:00,12.13062,1.05957,335.45463,299.14835,0.01729,36.40285,1.36482,343.24115,298.85117,0.01726,60.70408,1.52155,346.7205,298.71509,0.01723,85.04413,1.5997,346.2245,298.63602,0.01715,109.42758,1.63282,344.03648,298.65195,0.01706,133.85653,1.67484,341.17246,298.68546,0.01691,158.33077,1.72875,338.85292,298.74115,0.01671,182.84997,1.77517,337.40559,298.82181,0.01648,207.41575,1.7947,337.39668,298.91122,0.0163,232.03089,1.81534,338.30562,298.99127,0.01619,256.69798,1.82292,343.94936,299.06372,0.0161,281.4177,1.76304,359.29898,299.20947,0.0158,310.32729,1.70732,0.59465,299.33365,0.01558,410.25068,1.4629,349.95755,299.59012,0.01521
2015-08-23 22:50:00,12.1311,0.7347,323.35848,299.16943,0.0173,36.4044,1.13066,329.34125,298.87701,0.01728,60.70682,1.30045,334.10667,298.7359,0.01725,85.04607,1.43852,336.84339,298.63861,0.01718,109.42704,1.472,335.95559,298.65479,0.0171,133.85437,1.51126,333.75293,298.69016,0.01699,158.32836,1.58077,331.17978,298.73395,0.01686,182.84917,1.63399,328.44103,298.78174,0.01675,207.41856,1.63819,326.45802,298.83212,0.01664,232.03817,1.59843,327.27053,298.88803,0.01654,256.70883,1.62228,330.01031,298.96625,0.01639,281.42961,1.53591,342.08802,299.14243,0.01595,310.33853,1.43928,357.88967,299.35229,0.01552,410.25659,1.28068,353.08928,299.61984,0.01514
2015-08-23 23:00:00,12.13212,0.63931,309.20821,299.21265,0.01733,36.40723,1.05479,314.78567,298.90594,0.01731,60.71125,1.21562,320.08155,298.76419,0.0173,85.05208,1.32062,326.11972,298.65714,0.01726,109.43434,1.34023,328.57962,298.63583,0.01721,133.86327,1.34677,328.78131,298.65967,0.01715,158.34033,1.38175,327.67499,298.6897,0.01708,182.86546,1.41141,325.03428,298.71381,0.01703,207.4393,1.42499,321.80145,298.74298,0.01695,232.06215,1.4381,321.94623,298.79895,0.01681,256.73377,1.45443,328.8835,298.94327,0.01642,281.45324,1.36871,347.04577,299.21695,0.01575,310.35967,1.31699,3.53281,299.43317,0.01535,410.27341,1.1612,1.07051,299.70139,0.015
2015-08-23 23:10:00,12.13358,0.80416,299.10219,299.24054,0.01738,36.41164,1.21112,304.94783,298.92966,0.01737,60.71869,1.3484,310.12673,298.78607,0.01737,85.06308,1.39043,316.2942,298.68109,0.01736,109.44823,1.36863,320.97953,298.62064,0.01735,133.87859,1.30878,323.31948,298.59836,0.01732,158.35705,1.25725,323.70534,298.60693,0.01729,182.8843,1.23844,322.60827,298.62344,0.01727,207.46046,1.25643,320.57266,298.63275,0.01725,232.08497,1.30919,320.22872,298.6456,0.01719,256.75565,1.24797,332.67937,298.82678,0.01663,281.47201,1.19136,354.35145,299.1601,0.01582,310.37545,1.17353,4.32392,299.41348,0.01535,410.28389,1.02185,0.72463,299.69385,0.01498
2015-08-23 23:20:00,12.13368,0.84878,301.9388,299.23773,0.01743,36.41209,1.26929,306.66192,298.93771,0.01744,60.71985,1.41652,310.9789,298.78708,0.01745,85.06587,1.46724,316.89719,298.69095,0.01746,109.45285,1.44295,322.82968,298.61472,0.01747,133.88333,1.37613,328.14437,298.55673,0.01746,158.35963,1.29064,331.82502,298.52762,0.01744,182.88339,1.19128,332.88564,298.52985,0.01741,207.45636,1.11078,331.23949,298.54602,0.01739,232.07831,1.06749,327.86266,298.60165,0.01723,256.74548,0.96664,333.44363,298.89594,0.01638,281.45709,0.94565,356.92357,299.25272,0.01558,310.35518,1.03331,9.65956,299.4668,0.01524,410.24632,0.99383,10.87085,299.72247,0.01492
2015-08-23 23:30:00,12.1327,1.0003,283.08863,299.21451,0.0175,36.41078,1.40544,292.50122,298.96249,0.01753,60.71993,1.54175,297.26253,298.81918,0.01755,85.06809,1.56278,304.12983,298.72726,0.01757,109.45787,1.48509,311.2966,298.65466,0.01759,133.89003,1.3739,318.95975,298.57919,0.01759,158.36532,1.27465,325.98357,298.5101,0.01756,182.88561,1.17122,329.79894,298.46469,0.01754,207.45393,1.0494,327.4154,298.4527,0.01755,232.06986,0.8871,320.92413,298.60077,0.01714,256.72957,0.64861,325.97739,299.03198,0.016,281.43538,0.64723,357.30242,299.3577,0.01534,310.33024,0.84349,10.57526,299.52399,0.01512,410.2123,0.90336,12.02718,299.77368,0.01482
2015-08-23 23:40:00,12.13155,1.26155,260.60916,299.14615,0.01757,36.40981,1.65468,274.25514,298.94876,0.01761,60.72208,1.81503,281.37151,298.8121,0.01763,85.0737,1.7528,290.01612,298.71945,0.01764,109.46745,1.54835,298.36759,298.66772,0.01764,133.90518,1.31544,309.49913,298.63556,0.01763,158.38669,1.16483,323.7908,298.60385,0.01761,182.91079,1.08948,335.60603,298.55682,0.01758,207.47902,0.98965,338.8856,298.48251,0.01758,232.09286,0.7934,333.35523,298.43915,0.01754,256.75058,0.58982,335.78599,298.68118,0.01685,281.45341,0.60997,358.96638,299.11929,0.01579,310.34304,0.76672,9.92885,299.43152,0.01521,410.2126,0.83139,11.18984,299.76648,0.0148
2015-08-23 23:50:00,12.1278,1.5373,251.91165,299.00339,0.01763,36.39998,1.83602,270.00659,298.81433,0.01766,60.70766,1.9262,280.04709,298.67978,0.01764,85.05471,1.74566,288.62613,298.62152,0.01761,109.44448,1.44652,296.57132,298.60223,0.0176,133.87978,1.17571,309.85112,298.59058,0.01757,158.36136,1.05986,329.24357,298.57928,0.01754,182.88868,1.10343,347.50638,298.57611,0.0175,207.46181,1.11513,359.00281,298.5845,0.01746,232.07977,0.89621,1.8747,298.52853,0.01746,256.74034,0.70025,358.64165,298.68628,0.01685,281.44343,0.64807,3.15132,299.21237,0.01557,310.32996,0.65138,8.28582,299.51578,0.01503,410.19485,0.79228,5.44481,299.83792,0.01471
2015-08-24 00:00:00,12.12274,1.57379,252.14781,298.8718,0.01767,36.38312,1.87334,276.98909,298.62759,0.01764,60.67625,1.79514,288.49437,298.52963,0.01754,85.00929,1.36369,292.88461,298.51953,0.01749,109.38798,0.96406,301.74818,298.5351,0.01748,133.8141,0.79293,322.2588,298.54352,0.01747,158.28705,0.85306,341.10623,298.53806,0.01738,182.8065,0.98308,355.90607,298.56769,0.01728,207.37495,0.98104,11.36865,298.58942,0.01732,231.99071,0.70068,17.51493,298.70782,0.01689,256.64762,0.47092,358.67618,299.17993,0.01562,281.34754,0.45369,358.41407,299.48508,0.01501,310.23397,0.54812,2.64606,299.62949,0.01484,410.11044,0.8248,2.64389,299.93097,0.01463
